student_id,school,sex,age,address,famsize,Pstatus,Medu,Fedu,Mjob,Fjob,reason,guardian,traveltime,studytime,failures,schoolsup,famsup,paid,activities,nursery,higher,internet,romantic,famrel,freetime,goout,Dalc,Walc,health,absences,G3
1,GP,F,18,U,GT3,A,4,4,at_home,teacher,course,mother,2,2,0,yes,no,no,no,yes,yes,no,no,4,3,4,1,1,3,4,11
2,GP,F,17,U,GT3,T,1,1,at_home,other,course,father,1,2,0,no,yes,no,no,no,yes,yes,no,5,3,3,1,1,3,2,11
3,GP,F,15,U,LE3,T,1,1,at_home,other,other,mother,1,2,0,yes,no,no,no,yes,yes,yes,no,4,,2,2,3,3,6,12
4,GP,F,15,U,GT3,T,4,2,health,services,home,mother,1,3,0,no,yes,no,yes,yes,yes,yes,yes,3,2,2,1,1,5,0,14
5,GP,F,16,U,GT3,T,3,3,other,other,home,father,1,2,0,no,yes,no,no,yes,yes,no,no,4,3,2,1,2,5,0,13
6,GP,M,16,U,LE3,T,4,,services,,reputation,mother,1,2,0,no,yes,no,yes,yes,yes,yes,no,5,4,2,1,2,5,6,13
7,GP,M,16,U,LE3,T,2,2,other,other,home,mother,1,2,0,no,no,no,no,yes,yes,yes,no,4,4,4,1,1,3,0,13
8,GP,F,17,U,GT3,A,4,4,other,teacher,home,mother,2,2,0,yes,yes,no,no,yes,yes,no,no,4,1,4,1,1,,2,13
9,GP,M,15,,LE3,A,3,2,services,other,home,mother,1,2,0,no,yes,no,no,yes,yes,yes,no,4,2,2,1,,,0,17
10,GP,M,15,U,GT3,T,3,4,other,other,home,mother,1,2,0,no,yes,no,yes,yes,yes,,no,5,5,1,1,1,5,0,13
11,GP,F,15,U,GT3,T,4,4,teacher,health,reputation,mother,1,2,0,no,yes,no,no,yes,yes,yes,no,3,3,3,1,2,2,2,14
12,GP,F,15,U,GT3,T,2,1,services,other,reputation,father,3,3,0,no,yes,no,yes,yes,yes,yes,no,5,2,2,1,1,4,0,13
13,GP,M,15,U,LE3,T,4,4,health,services,course,father,1,1,0,no,yes,no,yes,yes,yes,yes,,4,3,3,1,3,5,0,12
14,,,15,U,GT3,T,4,3,teacher,other,course,mother,2,2,0,no,yes,no,no,yes,yes,yes,no,5,4,3,1,2,3,0,13
15,,,15,U,GT3,A,2,2,other,other,home,other,1,3,0,no,yes,no,no,yes,yes,yes,yes,4,5,2,,1,3,0,15
16,GP,F,16,U,GT3,T,4,4,health,other,home,mother,1,1,0,no,yes,no,no,yes,yes,yes,,4,4,4,1,2,2,6,17
17,GP,,16,U,GT3,T,4,4,services,,reputation,,1,3,0,no,yes,no,yes,yes,yes,yes,no,3,2,3,1,2,2,10,14
18,GP,F,16,U,GT3,T,3,3,other,other,reputation,mother,3,2,0,yes,yes,no,yes,yes,yes,no,no,5,3,,1,1,4,2,14
19,GP,M,17,U,GT3,T,,2,services,services,course,mother,1,1,3,no,yes,yes,yes,yes,yes,yes,no,5,5,5,2,4,5,2,7
20,GP,M,16,U,LE3,T,4,3,health,other,home,father,1,1,0,no,no,no,yes,yes,,yes,,3,1,3,1,3,5,6,12
21,GP,M,15,U,GT3,T,4,3,teacher,other,reputation,mother,1,2,0,no,no,no,no,yes,yes,yes,no,4,4,1,1,1,1,0,14
22,GP,M,15,U,GT3,T,4,,health,health,other,father,1,1,0,no,yes,yes,no,yes,yes,yes,no,5,4,,1,1,5,0,12
23,GP,M,16,U,LE3,T,4,2,teacher,other,course,mother,1,2,0,no,no,no,yes,yes,yes,yes,no,4,5,1,1,3,5,0,14
24,GP,,16,U,LE3,T,2,2,other,other,,mother,2,2,0,no,yes,no,yes,yes,yes,yes,no,5,4,4,2,4,5,2,10
25,GP,F,15,R,GT3,T,2,4,services,health,course,mother,1,3,0,yes,yes,no,yes,yes,yes,yes,no,4,3,2,1,1,,2,10
26,GP,F,16,U,GT3,T,2,2,services,services,home,mother,1,1,0,no,yes,no,no,no,yes,yes,no,,2,2,1,3,5,6,12
27,GP,M,15,U,GT3,T,2,2,other,other,home,mother,1,1,0,no,yes,no,no,yes,yes,yes,no,4,2,2,1,2,5,8,12
28,GP,M,15,,GT3,T,4,2,health,services,other,mother,1,1,0,no,no,no,no,yes,yes,yes,no,2,2,4,2,4,1,0,11
29,GP,M,16,U,LE3,A,3,4,services,other,home,mother,1,2,0,yes,yes,yes,yes,yes,yes,yes,no,,3,3,1,1,5,2,13
30,GP,M,16,U,GT3,T,4,4,teacher,,home,mother,1,2,0,no,yes,yes,yes,yes,yes,yes,yes,4,4,5,5,5,5,4,12
31,GP,M,15,U,GT3,T,4,4,health,services,home,mother,1,2,0,no,yes,yes,no,no,yes,yes,no,5,4,2,3,4,5,0,11
32,GP,M,15,U,GT3,T,4,4,services,services,reputation,mother,2,2,0,no,yes,no,yes,yes,yes,yes,no,4,3,1,1,,5,2,15
33,GP,M,,R,GT3,T,4,3,teacher,at_home,course,mother,1,2,0,no,yes,no,yes,yes,yes,,yes,4,5,2,1,1,5,0,15
34,GP,M,15,U,LE3,T,3,3,other,other,course,mother,1,2,0,no,no,no,yes,no,yes,yes,no,5,3,2,1,1,2,0,12
35,,M,16,,GT3,,3,2,other,other,home,mother,1,1,0,no,yes,no,no,no,,yes,,5,4,3,1,1,5,4,12
36,,F,15,U,GT3,,2,3,other,other,other,father,2,1,0,no,yes,no,yes,yes,yes,no,no,3,5,1,1,1,5,4,11
37,GP,M,15,U,LE3,T,4,3,teacher,services,home,mother,1,,0,no,yes,no,yes,yes,yes,yes,no,5,4,3,1,1,4,0,14
38,GP,M,16,R,GT3,A,4,4,other,teacher,reputation,mother,2,3,0,no,yes,no,yes,yes,yes,yes,yes,2,4,3,1,1,5,4,13
39,GP,F,15,R,GT3,T,3,4,services,health,course,mother,1,3,0,yes,yes,no,yes,yes,,,no,4,3,2,1,1,5,2,12
40,GP,F,15,R,,T,2,2,at_home,other,reputation,mother,1,1,0,yes,yes,no,yes,yes,yes,no,no,4,3,1,1,1,2,8,12
41,GP,,16,U,LE3,T,2,2,other,other,home,mother,2,2,0,no,yes,no,yes,no,yes,yes,yes,3,3,3,1,2,3,16,10
42,GP,M,15,U,LE3,T,4,4,teacher,other,home,other,1,1,0,no,,no,no,no,,yes,yes,5,4,3,2,4,5,8,11
43,GP,M,15,U,GT3,T,4,4,services,teacher,course,,1,2,0,no,yes,no,yes,yes,yes,,no,4,3,3,1,,5,0,15
44,GP,M,15,,GT3,T,2,2,services,services,course,father,1,1,0,yes,yes,no,no,yes,yes,yes,no,,4,1,1,1,1,0,10
45,GP,F,16,U,LE3,T,2,2,other,at_home,course,,2,2,1,yes,no,no,yes,yes,yes,yes,no,4,3,3,2,2,5,14,11
46,GP,F,15,U,,A,4,3,other,other,course,mother,1,2,0,yes,yes,,yes,yes,yes,yes,yes,5,2,2,1,1,5,4,11
47,GP,F,16,U,LE3,A,3,3,other,services,home,mother,1,2,0,no,yes,no,no,yes,yes,yes,no,2,3,5,1,4,3,6,13
48,GP,M,16,U,GT3,T,4,3,health,services,reputation,mother,1,4,,no,no,no,yes,yes,,yes,no,4,2,2,1,1,2,2,17
49,GP,M,15,U,GT3,T,4,2,teacher,other,home,mother,1,2,0,,yes,no,no,yes,yes,no,no,4,3,,2,,5,4,13
50,GP,F,15,U,GT3,T,4,4,services,teacher,other,father,1,2,0,yes,yes,no,yes,no,yes,yes,no,4,4,4,1,1,,2,12
51,GP,F,16,U,LE3,T,2,2,services,services,course,mother,3,2,0,no,yes,no,no,yes,yes,yes,no,4,3,3,2,,4,0,13
52,GP,F,15,U,LE3,T,4,2,health,other,other,mother,1,2,0,no,yes,no,no,yes,yes,yes,no,4,3,3,1,1,5,0,16
53,GP,M,15,U,LE3,A,4,2,health,health,other,,2,1,0,no,no,no,no,yes,yes,no,no,5,5,5,3,4,5,4,9
54,GP,F,,U,GT3,T,4,4,services,services,course,mother,1,1,0,yes,yes,no,no,yes,yes,yes,no,3,3,4,2,3,5,0,12
55,GP,F,15,U,LE3,A,3,3,other,other,other,mother,1,1,0,no,no,no,no,yes,yes,yes,no,5,3,4,4,4,1,0,13
56,GP,F,16,U,GT3,A,2,1,other,other,other,mother,1,2,0,no,no,no,yes,yes,yes,yes,yes,5,3,4,1,1,2,2,12
57,GP,F,15,U,GT3,A,4,3,services,services,,mother,1,2,0,no,yes,no,yes,yes,yes,yes,no,4,3,2,1,1,1,0,15
58,GP,M,15,U,GT3,T,4,4,teacher,health,reputation,,1,,0,no,yes,no,yes,yes,yes,no,,3,2,2,1,1,5,8,16
59,GP,M,15,U,LE3,T,1,,other,at_home,home,father,1,2,0,yes,,no,yes,yes,yes,yes,no,4,3,2,1,1,5,0,14
60,GP,F,16,U,GT3,,4,2,,other,course,mother,1,2,0,no,yes,yes,no,yes,yes,yes,,4,2,3,1,,5,2,16
61,GP,F,16,R,GT3,T,4,4,health,teacher,other,mother,1,,0,no,yes,no,yes,yes,yes,no,no,2,4,4,2,3,4,0,16
62,GP,F,16,U,GT3,T,1,1,services,services,course,father,4,1,0,yes,yes,no,yes,no,yes,yes,yes,5,5,5,5,5,,0,16
63,GP,F,16,U,LE3,T,1,2,other,services,reputation,father,1,2,0,yes,no,no,yes,yes,yes,yes,no,4,4,3,1,1,1,0,10
64,GP,F,16,U,GT3,T,4,3,teacher,health,home,mother,1,3,0,yes,,no,yes,yes,yes,yes,no,3,4,4,2,4,,0,13
65,GP,F,15,U,LE3,T,4,3,services,services,reputation,father,1,2,0,yes,no,no,yes,yes,yes,yes,yes,4,4,4,2,4,2,0,12
66,GP,,16,U,LE3,T,4,3,teacher,services,course,mother,3,2,0,no,yes,no,yes,yes,yes,yes,no,5,4,3,1,2,1,2,16
67,GP,,,U,GT3,A,4,4,,services,reputation,mother,1,4,0,no,yes,no,yes,no,yes,yes,yes,1,3,3,5,5,3,0,12
68,GP,F,16,U,GT3,T,3,1,services,other,course,mother,1,4,0,yes,yes,no,no,yes,yes,yes,,4,3,3,1,2,5,0,10
69,GP,F,,R,LE3,T,2,2,health,services,reputation,mother,2,2,0,yes,yes,no,no,yes,yes,yes,no,4,1,3,1,3,4,0,11
70,GP,,15,R,LE3,T,3,1,other,other,reputation,father,2,4,0,no,yes,no,,,yes,yes,no,4,4,2,2,3,3,6,15
71,GP,M,,U,GT3,T,3,1,other,other,reputation,father,2,4,0,no,yes,no,no,yes,yes,,no,4,3,2,1,1,5,2,11
72,GP,M,15,U,GT3,T,4,2,other,other,course,mother,1,4,0,no,no,no,no,yes,yes,yes,no,3,3,3,1,1,3,0,10
73,GP,F,15,,GT3,T,1,1,other,other,reputation,mother,1,2,0,yes,yes,no,no,no,yes,yes,yes,3,3,4,2,4,5,2,11
74,GP,M,16,U,GT3,T,3,1,other,other,reputation,mother,1,1,0,no,no,no,yes,yes,yes,no,no,5,3,2,2,2,5,0,14
75,GP,F,16,U,GT3,T,3,3,other,services,home,mother,1,2,0,yes,yes,no,yes,yes,yes,yes,no,4,,3,2,4,5,4,11
76,GP,M,,U,GT3,T,4,3,teacher,other,home,mother,1,2,0,no,yes,no,yes,yes,yes,yes,no,4,3,3,2,3,5,0,11
77,GP,M,15,U,GT3,T,4,0,teacher,other,course,mother,2,4,0,no,no,no,yes,yes,yes,yes,,3,4,3,1,1,1,0,11
78,,F,16,U,GT3,T,2,2,other,other,reputation,mother,1,4,0,no,no,no,no,yes,yes,yes,yes,5,2,3,1,,3,1,13
79,GP,M,17,,GT3,T,2,1,other,other,home,mother,2,,3,yes,yes,no,yes,yes,no,,no,4,5,1,1,1,3,0,10
80,GP,F,16,U,GT3,T,,4,at_home,other,course,mother,1,2,0,no,yes,no,no,yes,yes,yes,no,2,4,3,1,2,3,14,11
81,GP,,15,U,GT3,T,2,3,other,services,course,father,1,1,0,yes,yes,no,yes,no,,yes,yes,3,2,2,1,3,,0,12
82,GP,M,15,U,GT3,T,2,3,other,other,home,mother,1,3,0,yes,no,no,no,no,yes,yes,no,5,3,2,1,2,5,2,9
83,GP,F,15,U,LE3,T,3,2,services,other,,mother,1,2,0,no,yes,no,no,yes,yes,yes,no,4,4,4,,1,5,4,11
84,GP,M,15,U,LE3,T,2,2,services,services,home,mother,2,2,0,no,no,yes,yes,yes,yes,yes,,5,3,3,1,3,4,2,13
85,GP,F,15,,GT3,T,1,1,other,other,home,father,1,2,0,,yes,no,yes,no,yes,yes,no,4,3,2,2,3,4,2,12
86,GP,F,15,U,GT3,T,4,4,services,services,reputation,father,2,2,0,no,no,no,no,yes,yes,yes,yes,4,4,4,2,3,5,4,12
87,GP,F,16,U,LE3,T,,2,at_home,other,course,,1,2,0,,yes,no,no,yes,yes,no,no,4,3,4,1,2,2,6,11
88,GP,F,15,,GT3,T,4,2,other,other,reputation,mother,1,3,0,no,yes,no,yes,yes,yes,yes,no,5,3,3,1,3,1,4,15
89,GP,M,16,U,GT3,T,2,2,services,other,reputation,father,2,2,0,no,no,no,yes,no,yes,yes,no,4,4,2,1,1,3,6,11
90,GP,M,16,U,LE3,A,4,4,teacher,health,reputation,mother,1,2,0,no,yes,no,no,yes,yes,no,no,4,1,3,3,5,5,6,10
91,GP,F,16,U,GT3,T,3,3,other,other,home,mother,1,3,0,no,yes,no,no,yes,yes,yes,yes,4,3,3,1,3,4,2,11
92,GP,F,15,,GT3,T,4,3,services,other,reputation,mother,1,1,0,no,no,no,yes,yes,yes,yes,no,4,5,5,1,3,1,6,13
93,GP,F,,,LE3,T,3,1,other,other,home,father,1,2,0,yes,,no,no,yes,yes,no,no,3,3,3,2,3,2,0,12
94,,F,16,U,GT3,T,4,2,teacher,services,home,mother,,2,0,no,yes,no,yes,yes,yes,yes,no,5,3,3,1,1,1,2,14
95,GP,M,15,U,LE3,T,2,2,services,health,reputation,,1,4,0,no,yes,no,yes,yes,yes,yes,no,4,3,4,1,1,4,2,12
96,GP,F,15,R,,T,1,1,at_home,other,home,mother,2,4,0,yes,yes,yes,yes,yes,yes,yes,no,,1,2,1,1,1,4,13
97,GP,M,16,R,GT3,T,4,3,services,,reputation,mother,2,1,0,yes,yes,yes,yes,no,yes,yes,,3,3,3,1,1,,6,11
98,GP,F,16,U,GT3,T,2,1,other,other,course,mother,1,2,0,no,yes,no,no,yes,yes,no,yes,4,3,5,1,1,5,0,12
99,GP,,16,U,GT3,,,4,other,other,reputation,mother,1,,0,,no,no,yes,no,yes,yes,,5,3,4,1,2,1,4,13
100,GP,,16,U,,T,4,3,other,at_home,course,mother,1,3,0,yes,yes,no,no,yes,yes,yes,no,5,3,5,1,1,3,2,13
101,GP,M,16,U,GT3,T,4,4,services,services,other,mother,1,1,0,yes,yes,no,yes,yes,yes,,no,4,5,5,5,5,4,12,8
102,GP,M,16,U,GT3,T,4,4,services,teacher,other,,1,3,0,no,yes,,yes,yes,,yes,,4,4,3,1,1,4,0,16
103,GP,M,15,U,GT3,T,4,4,services,other,course,mother,1,1,0,no,yes,yes,yes,no,yes,yes,no,5,3,3,1,1,5,2,12
104,GP,F,15,,GT3,T,3,2,services,other,home,mother,2,2,0,yes,yes,no,no,yes,yes,yes,no,4,3,5,1,1,2,16,10
105,GP,M,15,U,GT3,A,3,4,services,other,course,,1,2,0,no,yes,no,yes,yes,yes,yes,no,5,4,4,,1,1,0,16
106,GP,F,15,U,,A,3,3,other,health,reputation,,1,4,0,yes,,no,no,yes,yes,no,no,4,3,3,1,1,4,10,10
107,GP,F,,U,GT3,T,2,2,other,other,course,mother,1,4,0,yes,yes,no,no,yes,yes,yes,no,5,1,2,1,1,3,4,10
108,GP,M,16,U,GT3,T,3,3,services,other,home,father,,3,0,no,yes,no,yes,yes,yes,yes,no,5,3,3,1,1,5,4,14
109,GP,M,15,R,,T,4,4,other,other,home,father,4,4,,no,yes,no,yes,yes,yes,,yes,1,3,5,3,5,1,8,11
110,,F,16,U,LE3,T,4,4,health,health,other,mother,1,,0,no,yes,no,yes,yes,yes,yes,yes,5,4,5,1,1,4,2,14
111,GP,M,15,U,LE3,A,4,4,teacher,teacher,course,mother,1,1,0,no,no,no,yes,yes,yes,yes,,5,,3,1,1,4,4,14
112,GP,F,16,R,GT3,T,3,3,services,other,reputation,father,1,3,0,yes,yes,no,yes,yes,yes,yes,no,4,1,2,1,1,2,4,11
113,GP,F,16,U,GT3,T,2,2,at_home,other,home,mother,1,2,1,,no,no,yes,yes,yes,yes,no,3,1,2,1,1,5,12,10
114,GP,M,15,U,LE3,T,4,2,teacher,other,course,mother,1,1,0,no,no,no,no,yes,yes,yes,no,3,5,2,,1,3,10,18
115,GP,M,15,R,GT3,T,2,1,health,services,reputation,mother,1,,0,no,no,no,yes,yes,yes,yes,yes,5,4,2,1,1,5,4,10
116,GP,,16,U,GT3,T,4,4,teacher,teacher,course,,1,2,0,no,yes,no,yes,yes,yes,yes,no,5,4,4,1,2,5,6,14
117,GP,M,,,GT3,T,4,4,other,teacher,reputation,father,2,2,0,no,yes,no,yes,,yes,no,no,4,4,3,1,,2,4,16
118,GP,M,16,U,GT3,,3,3,other,services,home,father,2,1,0,no,no,no,yes,yes,yes,yes,no,5,4,2,1,1,5,6,15
119,GP,M,17,R,GT3,T,1,3,other,other,course,father,3,2,1,no,yes,no,yes,yes,yes,yes,no,5,2,4,1,4,5,14,11
120,GP,M,,U,GT3,T,,4,other,other,reputation,father,1,1,0,no,no,no,no,yes,yes,yes,no,3,4,3,1,2,4,2,14
121,GP,F,15,,GT3,T,1,2,at_home,services,course,mother,1,2,0,no,no,no,no,no,yes,yes,no,3,2,3,1,2,1,0,14
122,GP,M,,U,GT3,T,2,2,services,services,home,father,1,4,0,no,yes,no,yes,yes,yes,,no,5,5,4,1,2,5,6,13
123,GP,F,16,U,LE3,T,2,4,other,health,course,father,2,2,0,no,yes,no,yes,yes,yes,yes,yes,4,2,2,1,2,5,2,13
124,GP,,16,U,GT3,T,4,4,health,other,course,mother,1,1,0,no,yes,no,yes,,yes,yes,no,3,4,4,1,4,5,4,13
125,GP,F,16,U,GT3,T,2,2,other,other,home,,1,2,0,no,no,no,no,yes,,yes,yes,5,4,4,1,1,5,0,11
126,GP,M,15,U,GT3,T,3,4,services,services,home,father,1,1,0,,no,no,no,yes,yes,yes,no,5,5,5,3,2,5,2,9
127,GP,F,15,U,,A,3,4,other,other,home,mother,1,2,0,yes,no,no,yes,yes,yes,yes,yes,5,3,2,1,,1,0,11
128,GP,F,19,U,GT3,T,0,1,at_home,other,course,other,1,2,2,no,yes,no,no,no,no,no,,3,4,2,1,1,5,0,11
129,GP,M,16,R,GT3,T,4,4,teacher,teacher,course,,1,1,0,no,,no,yes,yes,yes,yes,,3,5,5,2,5,4,8,15
130,GP,,16,U,GT3,,2,3,other,other,course,mother,2,3,0,no,yes,no,no,no,yes,yes,yes,3,2,3,2,2,1,4,13
131,GP,,15,R,GT3,T,3,4,services,teacher,course,father,2,3,0,no,yes,no,no,yes,yes,yes,yes,4,2,2,,2,5,0,12
132,GP,F,18,U,GT3,T,2,1,services,other,reputation,mother,1,2,3,no,yes,no,yes,yes,,yes,yes,5,4,5,1,3,,10,8
133,GP,F,17,U,LE3,A,2,1,other,other,course,mother,3,1,0,no,yes,no,no,yes,yes,yes,no,3,2,2,1,2,5,8,11
134,GP,F,,U,GT3,T,1,1,at_home,other,course,mother,3,1,0,no,yes,no,yes,no,yes,yes,yes,4,3,3,1,,,6,13
135,GP,F,17,U,LE3,T,2,2,other,other,course,father,1,1,0,no,yes,no,no,yes,yes,yes,yes,3,4,4,1,3,5,2,12
136,GP,F,16,U,GT3,A,3,4,services,other,course,father,1,1,0,no,no,no,,yes,yes,,no,3,2,1,1,4,5,12,14
137,GP,M,16,U,GT3,T,2,1,at_home,other,course,mother,4,1,0,no,no,no,no,,yes,,no,3,2,1,1,1,2,4,11
138,GP,F,16,,GT3,A,2,2,other,other,home,mother,1,1,1,no,no,no,no,yes,yes,no,,5,3,4,1,1,5,12,11
139,GP,M,15,R,GT3,T,3,4,at_home,teacher,course,,4,2,0,no,yes,no,no,yes,yes,no,yes,5,3,3,1,1,5,2,11
140,GP,F,15,U,GT3,T,4,4,services,at_home,course,mother,1,3,0,no,yes,no,yes,yes,yes,yes,yes,4,3,3,1,1,5,4,15
141,GP,M,17,R,GT3,T,3,4,at_home,other,course,mother,3,2,0,no,no,no,no,yes,yes,no,no,5,4,5,2,4,5,2,10
142,GP,F,16,R,GT3,T,1,1,at_home,other,course,mother,4,2,0,no,yes,no,no,yes,yes,no,,5,1,3,1,1,3,0,13
143,GP,M,18,U,LE3,T,3,1,,services,course,mother,2,1,0,no,no,no,yes,yes,yes,yes,yes,3,3,4,4,5,4,2,12
144,GP,F,18,U,GT3,A,3,,other,services,course,other,1,3,0,no,,no,yes,no,yes,yes,yes,4,3,3,5,1,5,10,11
145,GP,F,16,R,GT3,T,1,1,other,services,reputation,mother,2,1,0,no,yes,no,yes,yes,yes,no,yes,3,3,3,1,2,1,,11
146,GP,F,16,U,GT3,A,3,3,other,other,course,other,2,1,0,no,yes,no,yes,,yes,yes,yes,4,3,2,1,1,5,4,10
147,,,16,U,LE3,T,1,1,services,other,course,mother,1,2,2,no,no,no,no,yes,,no,yes,4,4,4,1,3,5,0,10
148,GP,F,15,U,GT3,T,4,4,teacher,teacher,course,mother,2,1,0,no,no,no,yes,yes,yes,,no,4,3,2,1,1,5,6,14
149,,F,15,R,,T,1,1,other,other,course,mother,3,1,1,no,no,no,yes,yes,yes,yes,yes,5,5,5,1,1,1,2,9
150,GP,M,15,U,GT3,T,4,3,,services,course,father,2,4,0,yes,yes,no,no,yes,,yes,no,2,2,2,1,1,3,6,11
151,GP,F,15,U,,A,3,3,services,services,home,mother,1,,0,no,no,no,no,no,yes,no,yes,1,3,2,2,3,1,24,9
152,GP,M,16,U,GT3,T,4,4,services,services,course,mother,1,3,,no,yes,no,yes,yes,,yes,no,5,3,3,,3,5,0,13
153,GP,M,16,U,LE3,T,2,2,services,services,reputation,father,2,1,0,no,yes,no,yes,yes,yes,yes,no,2,3,3,,2,2,4,11
154,GP,F,15,U,GT3,T,4,4,teacher,services,course,mother,1,3,0,no,yes,no,yes,yes,yes,yes,no,4,2,2,1,1,5,2,13
155,GP,F,16,U,,T,1,1,at_home,at_home,course,mother,1,1,0,no,no,no,no,yes,,yes,no,3,4,4,3,,1,4,11
156,GP,M,,U,GT3,T,2,1,other,other,home,mother,1,1,0,no,yes,no,no,yes,yes,yes,no,5,4,5,1,2,5,22,6
157,GP,F,15,U,GT3,T,1,1,other,services,course,father,1,2,0,no,yes,no,no,yes,yes,yes,no,4,4,2,1,2,5,0,12
158,,F,15,U,LE3,A,2,1,at_home,other,home,mother,2,1,0,no,yes,no,yes,yes,no,yes,yes,4,4,2,1,1,5,0,10
159,GP,F,15,U,GT3,T,3,2,health,services,home,father,1,2,1,no,yes,no,no,yes,yes,yes,no,3,3,2,1,1,3,2,11
160,GP,F,15,U,GT3,T,1,2,at_home,other,course,mother,1,,0,no,yes,no,no,no,yes,yes,no,4,3,2,1,1,5,6,13
161,GP,F,15,U,GT3,T,1,2,at_home,services,course,,1,2,0,no,no,no,no,no,yes,no,yes,2,3,4,2,4,1,6,11
162,GP,M,16,U,GT3,T,4,4,teacher,teacher,course,mother,1,1,0,no,yes,no,no,yes,no,yes,,3,3,2,2,1,5,16,8
163,GP,M,15,,LE3,,2,1,services,other,course,mother,4,1,0,no,no,no,no,yes,yes,yes,no,4,5,5,2,5,5,0,11
164,GP,,18,U,LE3,T,,1,other,other,course,mother,1,1,2,no,no,no,no,yes,no,,yes,2,3,5,2,5,4,0,0
165,GP,M,16,U,LE3,T,2,1,at_home,other,course,mother,1,1,1,no,no,no,yes,yes,yes,no,yes,4,4,4,3,5,5,6,10
166,GP,F,15,R,GT3,T,3,3,services,services,reputation,other,2,3,0,no,yes,yes,yes,yes,yes,yes,yes,4,2,1,2,3,3,2,13
167,GP,M,19,U,GT3,T,3,2,services,at_home,home,mother,1,1,0,no,yes,no,no,yes,no,,yes,4,5,4,1,1,4,6,11
168,GP,F,17,U,,T,4,4,other,teacher,course,mother,1,1,0,yes,yes,no,no,yes,yes,no,yes,4,2,1,1,1,4,,13
169,GP,M,15,R,,T,2,3,at_home,services,course,mother,1,2,0,yes,no,yes,yes,yes,yes,no,no,4,4,4,1,1,1,0,8
170,GP,M,17,R,LE3,T,1,2,other,other,reputation,mother,1,1,3,no,no,no,no,yes,yes,,no,2,2,2,3,3,5,14,10
171,GP,F,18,R,GT3,T,1,1,at_home,other,course,mother,3,1,,no,yes,no,yes,no,yes,,no,5,2,5,1,5,4,6,11
172,GP,M,16,,,T,2,2,at_home,other,course,mother,3,1,0,no,no,no,no,no,yes,,no,4,2,2,1,2,3,4,11
173,GP,M,16,U,GT3,T,3,3,other,services,course,father,1,2,1,no,yes,no,no,yes,yes,yes,yes,4,,5,,4,5,0,1
174,GP,M,16,U,LE3,T,1,2,health,services,course,mother,2,1,2,no,no,no,no,no,yes,yes,no,4,4,5,3,5,5,0,10
175,GP,M,17,R,LE3,T,2,1,at_home,other,course,mother,2,1,1,no,no,yes,yes,yes,no,yes,yes,3,3,2,2,2,5,8,9
176,GP,M,17,R,,T,3,2,other,other,course,mother,2,2,2,yes,yes,no,no,yes,yes,yes,yes,4,4,4,1,,3,4,8
177,GP,M,15,U,LE3,T,1,2,other,other,course,mother,2,1,0,,no,no,yes,yes,yes,no,no,4,4,4,2,4,5,2,10
178,GP,M,16,,GT3,T,1,3,at_home,services,course,,1,1,1,no,no,no,no,yes,no,yes,no,5,3,3,1,4,2,2,8
179,GP,M,17,R,LE3,T,1,1,other,services,course,mother,4,2,0,no,no,no,yes,yes,no,no,yes,5,3,5,1,5,5,0,8
180,GP,M,,U,GT3,T,3,2,services,services,course,mother,2,1,3,no,yes,no,,no,no,no,no,4,5,2,1,1,2,10,8
181,GP,,16,U,GT3,T,2,2,other,other,course,father,1,2,0,no,no,no,no,yes,no,yes,no,4,3,5,2,4,,0,11
182,GP,F,16,U,GT3,T,4,2,health,services,home,father,1,2,0,,no,no,no,yes,yes,yes,yes,4,2,3,1,1,3,0,18
183,GP,F,16,U,GT3,T,2,2,other,other,home,mother,1,2,0,no,yes,no,,no,,,no,5,1,5,1,1,4,0,13
184,GP,F,,U,GT3,T,4,4,health,health,reputation,mother,,2,0,no,yes,no,no,yes,yes,yes,yes,4,4,2,1,1,3,0,17
185,GP,,16,U,GT3,T,3,4,other,other,course,father,3,1,1,no,yes,no,yes,no,yes,yes,no,3,4,5,2,,,4,10
186,GP,M,16,U,GT3,T,1,,other,other,reputation,mother,2,2,0,no,yes,no,yes,yes,yes,yes,yes,4,3,2,1,1,3,0,18
187,GP,M,17,U,LE3,T,4,4,teacher,other,reputation,mother,1,2,0,no,yes,no,yes,yes,yes,yes,no,4,4,4,1,3,5,0,10
188,GP,F,16,U,GT3,,1,3,at_home,services,home,mother,1,2,0,no,no,no,yes,no,,yes,yes,4,3,5,1,1,3,,13
189,,,16,U,LE3,T,3,3,other,other,reputation,mother,2,2,0,no,yes,no,yes,yes,yes,yes,no,4,4,5,1,1,4,0,15
190,GP,M,17,U,,T,4,3,teacher,other,course,mother,2,,0,no,no,no,yes,yes,yes,yes,no,4,4,4,4,4,4,0,11
191,GP,F,16,U,GT3,T,2,2,services,other,reputation,mother,2,2,0,no,no,no,yes,no,yes,yes,,3,4,,1,4,,0,14
192,GP,M,,,GT3,T,3,3,other,other,reputation,father,1,2,0,no,no,no,yes,no,yes,yes,no,4,3,4,1,,4,4,10
193,GP,M,,R,GT3,T,4,2,teacher,services,other,mother,1,1,0,no,yes,no,yes,yes,yes,yes,,4,3,3,3,4,3,8,11
194,GP,M,17,U,GT3,T,4,3,other,other,course,mother,1,2,0,no,yes,yes,yes,yes,yes,yes,,5,2,3,1,1,2,4,13
195,,,16,U,GT3,T,4,3,teacher,other,home,mother,1,2,0,no,,yes,yes,yes,yes,yes,no,3,4,3,2,3,3,4,11
196,GP,M,16,U,GT3,T,3,3,services,other,home,mother,1,2,0,no,no,no,yes,yes,yes,yes,yes,4,2,3,1,2,3,0,13
197,GP,F,17,U,GT3,T,2,,services,services,reputation,father,1,2,0,no,yes,no,yes,yes,yes,no,no,5,4,2,2,3,5,,17
198,GP,F,17,U,,T,3,3,other,other,reputation,mother,1,2,0,no,yes,no,yes,yes,yes,yes,yes,5,3,3,2,3,1,32,14
199,GP,,16,U,GT3,T,3,2,other,other,reputation,mother,,2,0,no,yes,no,no,yes,yes,,no,1,2,2,1,2,1,8,16
200,GP,M,,U,GT3,T,3,3,services,services,other,mother,1,2,0,no,yes,no,yes,yes,yes,yes,yes,4,3,4,,,4,6,14
201,GP,M,16,U,GT3,T,1,2,,services,other,mother,1,1,0,no,yes,no,yes,yes,yes,,yes,3,,3,1,2,,0,11
202,GP,M,16,U,LE3,T,2,1,other,other,course,mother,1,2,0,no,no,no,yes,yes,yes,yes,yes,4,2,3,1,2,5,0,16
203,,F,17,U,GT3,A,3,3,health,other,reputation,mother,1,2,0,no,yes,no,no,no,yes,yes,yes,3,3,3,1,3,3,10,14
204,GP,M,17,R,GT3,T,1,2,at_home,other,home,mother,1,2,0,no,no,no,no,yes,,no,no,3,1,3,1,5,3,6,10
205,GP,F,16,U,,T,2,3,services,services,course,mother,1,2,0,no,no,no,no,yes,yes,yes,no,4,3,3,,1,2,6,13
206,GP,F,17,U,GT3,T,1,1,at_home,services,course,,1,2,0,no,no,no,yes,yes,yes,,no,5,3,3,1,1,3,0,12
207,GP,M,17,U,GT3,T,1,2,at_home,services,other,other,2,2,0,no,no,no,yes,no,yes,,no,4,4,4,4,5,5,16,12
208,GP,M,16,R,GT3,T,3,3,services,services,reputation,mother,1,1,0,no,yes,no,yes,yes,,yes,no,4,3,2,3,4,5,0,10
209,GP,M,16,U,GT3,T,2,3,other,other,home,,2,1,0,no,no,,no,yes,yes,yes,no,5,3,3,1,1,3,0,12
210,GP,F,17,U,LE3,T,2,4,services,services,course,father,1,2,0,no,no,,yes,yes,yes,yes,yes,4,3,2,,1,5,8,16
211,GP,M,17,U,GT3,T,4,4,services,teacher,home,mother,1,1,0,no,no,no,no,yes,yes,,no,5,2,3,1,2,5,4,14
212,GP,M,16,R,,T,3,3,teacher,other,home,father,3,1,0,no,yes,no,yes,yes,yes,yes,no,3,3,4,3,5,3,16,12
213,GP,F,17,U,GT3,T,4,4,services,teacher,home,mother,2,1,1,no,yes,no,no,yes,yes,yes,no,4,2,4,2,3,2,30,16
214,,F,16,U,LE3,T,4,4,teacher,teacher,reputation,mother,1,2,0,no,yes,no,no,yes,yes,yes,no,4,5,2,1,2,3,0,11
215,GP,F,16,U,,T,4,3,health,other,home,mother,1,2,0,no,,no,yes,yes,yes,yes,no,4,3,5,1,5,2,2,15
216,GP,F,16,U,GT3,T,2,3,other,other,reputation,mother,1,2,0,yes,yes,no,yes,yes,yes,no,no,4,4,3,1,3,4,4,12
217,GP,F,17,U,GT3,T,1,1,other,other,course,mother,1,2,0,no,yes,no,no,no,yes,no,no,4,4,4,,3,1,0,15
218,GP,F,17,R,GT3,T,2,2,other,other,reputation,mother,1,,0,no,yes,no,no,yes,yes,yes,,5,3,2,1,2,3,21,13
219,GP,F,16,R,GT3,T,2,2,services,services,reputation,,2,4,0,no,yes,,yes,no,yes,yes,,5,3,5,1,1,5,6,13
220,GP,F,17,U,GT3,T,3,4,at_home,services,home,mother,1,3,1,no,yes,yes,no,yes,yes,yes,,4,4,3,3,4,5,14,8
221,GP,F,16,U,GT3,A,3,1,services,other,course,mother,1,2,0,no,,no,no,yes,yes,yes,no,2,3,3,2,2,4,2,12
222,GP,F,16,U,GT3,T,4,3,teacher,other,other,mother,1,2,0,no,no,no,yes,yes,yes,yes,yes,1,3,2,1,1,1,4,15
223,GP,,16,U,GT3,T,1,1,at_home,other,home,mother,2,1,0,no,,no,no,yes,,no,no,4,3,2,1,4,5,2,13
224,GP,F,,R,GT3,T,4,3,teacher,other,reputation,mother,2,3,0,no,yes,no,yes,yes,yes,yes,yes,4,4,2,1,1,4,0,12
225,GP,,19,,GT3,T,3,3,other,other,reputation,other,1,4,,no,,no,yes,yes,yes,yes,no,4,3,3,1,2,3,4,12
226,GP,M,17,U,LE3,T,4,4,,other,home,mother,1,2,0,no,yes,no,no,yes,,yes,,5,3,5,4,5,3,15,12
227,GP,F,16,U,GT3,A,2,2,other,other,reputation,mother,1,2,0,yes,yes,no,no,yes,yes,,no,3,3,4,1,1,4,0,13
228,GP,M,18,U,GT3,T,2,2,services,other,home,,1,2,0,no,yes,no,,yes,yes,yes,no,4,4,,2,4,5,10,11
229,GP,F,17,R,LE3,T,4,4,services,other,other,mother,1,1,0,no,yes,no,no,yes,yes,no,no,5,2,1,1,2,3,6,11
230,GP,F,17,U,LE3,T,,2,other,other,reputation,mother,2,2,0,no,no,no,no,yes,yes,yes,,4,,4,,3,1,2,15
231,GP,F,17,U,GT3,T,4,3,other,other,reputation,mother,1,2,0,no,no,no,no,yes,yes,yes,yes,3,4,5,2,4,1,16,10
232,GP,M,18,U,LE3,T,3,3,services,health,home,father,1,2,0,no,yes,no,no,yes,yes,yes,no,3,2,4,2,4,4,10,10
233,GP,F,17,U,GT3,T,2,3,at_home,other,home,father,2,1,0,no,yes,no,no,yes,yes,no,no,3,3,3,1,4,,4,13
234,GP,F,17,U,,T,2,2,at_home,at_home,course,mother,1,3,0,no,yes,no,yes,yes,yes,yes,no,4,3,3,,1,4,,13
235,GP,F,17,R,GT3,T,2,1,at_home,services,reputation,mother,2,2,0,no,yes,no,yes,yes,yes,yes,no,4,2,5,,2,5,0,11
236,GP,F,17,U,GT3,T,1,1,at_home,other,reputation,mother,1,3,0,no,yes,no,yes,yes,yes,no,yes,4,3,4,1,1,5,12,12
237,GP,,16,U,GT3,T,2,3,services,teacher,other,mother,1,2,0,yes,no,no,no,yes,yes,,no,2,3,1,,1,3,0,14
238,GP,M,18,U,GT3,T,2,2,other,other,home,mother,2,2,3,no,yes,yes,no,yes,yes,yes,no,3,3,3,5,5,4,9,10
239,GP,F,16,U,GT3,T,4,4,teacher,services,home,mother,1,3,0,no,yes,no,yes,no,yes,,no,5,3,2,1,1,5,4,16
240,,F,18,R,GT3,T,3,1,other,other,reputation,mother,1,2,0,,no,no,yes,yes,,yes,yes,5,3,3,1,1,4,4,8
241,GP,F,17,U,GT3,T,3,2,other,other,course,mother,1,2,0,no,no,no,,no,yes,,,5,3,4,1,3,3,2,17
242,GP,M,17,U,LE3,T,2,3,services,services,reputation,father,1,2,0,no,yes,no,no,no,yes,yes,no,5,3,3,1,3,3,0,11
243,GP,,18,U,LE3,T,2,1,at_home,other,course,mother,4,2,0,yes,yes,no,yes,yes,yes,yes,yes,4,3,2,4,,3,2,11
244,GP,F,17,U,GT3,A,2,1,other,other,course,mother,2,3,0,no,no,no,yes,yes,yes,yes,,3,2,3,1,2,3,0,16
245,GP,,17,U,LE3,T,4,3,health,other,reputation,father,1,2,0,no,no,no,yes,yes,yes,yes,,3,2,3,1,2,3,0,12
246,GP,M,17,R,GT3,T,2,2,other,other,course,father,2,2,,no,yes,no,yes,yes,yes,yes,no,4,5,2,1,1,1,0,13
247,GP,M,17,,GT3,,4,4,teacher,teacher,reputation,mother,1,2,0,yes,yes,no,yes,yes,yes,,yes,4,5,,1,3,,0,13
248,GP,M,16,U,GT3,T,4,4,health,other,reputation,father,1,2,0,no,yes,no,yes,yes,yes,yes,no,4,2,4,2,4,1,0,14
249,,,16,U,LE3,T,1,1,other,other,home,mother,2,2,0,no,yes,no,no,yes,yes,yes,no,3,4,2,1,1,5,2,9
250,GP,M,16,,GT3,T,3,2,at_home,other,reputation,mother,2,3,0,no,no,no,yes,yes,yes,yes,yes,5,3,3,1,3,2,0,12
251,GP,M,17,U,LE3,T,2,2,other,other,home,father,1,2,0,no,no,no,yes,no,,yes,yes,4,4,2,5,5,4,0,16
252,GP,,16,U,GT3,T,2,1,other,other,home,mother,1,1,0,no,no,no,no,yes,yes,yes,yes,4,5,2,1,1,,4,10
253,GP,F,16,U,GT3,A,4,1,other,,home,mother,1,2,0,no,no,no,yes,yes,,yes,yes,5,3,3,,2,5,0,13
254,GP,F,18,U,LE3,A,2,4,services,other,course,mother,2,2,1,no,yes,no,no,yes,yes,,no,4,3,3,1,1,,18,10
255,,F,,U,,T,2,2,at_home,services,course,mother,1,2,1,no,yes,no,no,no,yes,yes,,5,3,1,1,1,5,16,10
256,GP,F,18,U,,T,3,3,other,other,course,mother,2,1,1,no,no,no,no,yes,,,no,4,1,1,,1,3,14,7
257,GP,M,,U,GT3,T,2,2,other,at_home,course,other,1,1,1,no,yes,no,yes,no,no,yes,yes,4,4,3,2,2,1,26,8
258,GP,M,17,,GT3,T,4,4,teacher,teacher,course,mother,1,1,0,no,yes,no,yes,no,,yes,,4,2,1,1,2,5,,9
259,GP,F,17,,,T,3,2,other,other,course,father,1,2,0,no,no,no,yes,yes,yes,no,no,5,4,2,1,1,3,4,15
260,GP,F,17,U,LE3,T,1,1,at_home,at_home,course,mother,1,3,0,no,yes,no,yes,yes,yes,yes,yes,4,3,2,1,,4,10,10
261,GP,F,16,U,GT3,T,1,2,other,other,course,mother,1,1,0,no,no,no,no,yes,no,,no,5,3,5,1,2,5,4,11
262,GP,F,17,R,GT3,T,2,1,at_home,services,course,mother,3,2,0,no,no,no,yes,yes,yes,no,no,2,1,1,1,1,3,2,13
263,GP,F,17,R,LE3,A,1,4,other,other,course,other,4,1,1,no,yes,no,no,yes,yes,yes,no,5,5,4,1,1,5,14,8
264,GP,M,18,U,,T,2,,other,services,reputation,father,1,2,0,no,no,no,no,yes,no,yes,no,5,5,4,3,5,2,16,8
265,GP,F,17,U,LE3,A,2,2,other,other,home,mother,1,1,1,no,yes,no,no,no,no,yes,no,3,1,2,1,1,1,8,10
266,,F,17,R,LE3,T,1,1,at_home,other,course,,2,3,0,no,no,no,yes,yes,yes,yes,no,4,3,3,,,5,4,15
267,GP,F,17,U,LE3,A,4,2,teacher,other,course,mother,1,2,0,,yes,no,yes,yes,yes,no,no,4,3,2,1,1,4,,14
268,GP,M,17,U,LE3,T,4,3,health,other,course,mother,2,2,0,no,no,no,yes,yes,,yes,yes,2,5,5,,4,5,8,15
269,GP,M,17,R,LE3,A,4,4,teacher,other,course,mother,2,2,0,no,yes,no,no,yes,yes,yes,,3,3,3,2,3,,0,12
270,GP,M,16,U,LE3,T,4,3,teacher,other,course,mother,1,1,0,no,no,no,yes,no,yes,yes,no,5,4,5,1,1,3,7,15
271,GP,M,16,U,GT3,T,4,4,services,services,course,mother,1,1,0,no,no,yes,yes,yes,yes,yes,no,5,3,2,1,2,5,4,15
272,GP,F,17,U,GT3,T,4,4,teacher,services,course,mother,1,2,0,no,yes,yes,no,yes,yes,yes,,5,3,1,1,4,5,2,12
273,GP,M,,R,GT3,T,1,1,other,other,home,father,2,3,0,no,no,no,no,no,yes,yes,yes,4,3,3,1,1,1,2,15
274,GP,F,17,U,GT3,T,3,3,services,other,home,mother,2,3,0,no,yes,no,no,yes,yes,yes,,4,2,2,2,3,5,10,11
275,GP,F,17,,GT3,T,1,1,at_home,other,course,mother,1,2,,yes,no,no,no,no,yes,no,yes,4,3,2,1,1,4,10,10
276,GP,F,18,U,GT3,T,2,1,other,other,course,other,2,3,0,no,yes,no,no,,yes,yes,yes,4,4,4,1,1,3,10,11
277,GP,M,16,U,GT3,T,2,1,other,other,course,mother,3,1,0,no,no,no,no,yes,yes,yes,no,4,3,3,1,1,4,7,16
278,GP,F,17,U,GT3,T,1,1,other,services,course,father,1,2,0,no,yes,no,no,yes,yes,no,no,4,3,4,1,2,5,4,11
279,GP,M,,,GT3,T,2,3,other,,course,father,2,1,0,no,no,no,no,yes,yes,yes,no,5,2,2,1,1,2,2,13
280,GP,M,22,U,GT3,T,3,1,services,services,other,mother,1,1,3,no,no,no,no,no,no,yes,yes,5,4,5,,5,1,12,5
281,GP,M,18,,LE3,T,3,3,other,services,course,mother,1,2,0,no,yes,no,no,yes,yes,yes,yes,4,3,3,1,3,5,8,10
282,GP,M,16,U,GT3,T,0,2,other,other,other,mother,1,1,0,no,no,no,no,no,yes,yes,no,4,3,2,2,4,5,0,11
283,GP,,18,U,GT3,T,3,2,services,other,course,mother,2,1,0,no,no,no,no,yes,no,yes,no,4,4,5,2,4,5,8,7
284,GP,M,16,U,GT3,T,3,3,at_home,other,reputation,other,3,2,1,yes,yes,no,no,no,yes,,no,5,3,3,1,,2,4,10
285,GP,M,18,,GT3,T,2,1,services,services,other,mother,1,1,2,no,no,no,no,no,no,yes,no,3,2,5,2,5,,4,6
286,GP,M,16,R,GT3,T,2,1,other,other,course,mother,2,1,0,no,no,no,yes,,yes,no,no,3,3,2,1,3,3,2,12
287,GP,M,17,R,GT3,,2,1,other,other,course,mother,1,1,0,no,no,no,no,no,yes,yes,no,4,,2,,4,5,0,13
288,GP,M,17,U,LE3,T,1,1,health,other,course,mother,2,1,1,no,yes,no,yes,yes,yes,yes,no,4,4,4,1,2,5,0,10
289,GP,F,18,,LE3,A,2,1,other,other,course,mother,1,2,0,no,yes,no,no,no,yes,,yes,4,3,4,1,3,5,2,13
290,GP,F,17,U,LE3,T,4,2,,services,reputation,mother,1,4,0,no,yes,no,yes,yes,yes,yes,,4,2,3,1,1,4,2,17
291,GP,F,19,U,GT3,T,2,2,services,services,home,mother,1,2,0,no,yes,no,no,yes,yes,yes,no,4,,3,,1,,0,11
292,GP,M,18,,LE3,T,2,1,services,other,course,mother,,2,1,no,no,no,yes,no,no,yes,no,4,4,5,4,4,5,4,11
293,GP,F,17,R,GT3,T,4,2,other,other,course,mother,1,3,0,no,yes,no,yes,yes,yes,yes,no,4,3,4,,3,5,2,14
294,GP,F,18,U,LE3,T,1,1,other,at_home,home,,1,3,,no,yes,no,no,no,yes,no,no,4,4,3,2,3,3,4,14
295,GP,F,,R,GT3,T,2,2,other,other,home,mother,1,2,0,yes,no,,no,yes,yes,no,no,3,2,3,1,,5,4,13
296,GP,M,19,U,LE3,A,4,3,services,at_home,reputation,mother,1,2,0,no,yes,no,no,yes,yes,yes,no,4,3,1,1,,1,4,14
297,GP,M,,U,GT3,,2,1,other,other,home,mother,1,2,0,no,no,no,yes,yes,yes,yes,no,5,2,,1,2,4,2,16
298,GP,M,17,R,GT3,T,2,2,other,services,other,mother,2,1,0,no,no,no,no,no,no,no,no,5,2,2,1,,4,0,10
299,GP,,17,U,LE3,T,2,2,services,services,course,father,1,4,0,no,no,no,yes,yes,yes,yes,yes,3,4,1,1,1,2,2,12
300,GP,F,20,R,GT3,T,2,1,other,other,course,other,2,,0,no,,yes,yes,yes,no,yes,yes,1,2,3,1,2,,8,12
301,GP,F,18,U,GT3,T,4,3,services,other,home,father,1,2,0,no,yes,no,no,,yes,yes,yes,3,1,2,1,3,2,2,15
302,GP,M,18,U,GT3,T,4,3,teacher,other,course,mother,1,2,0,no,yes,no,no,no,yes,,no,4,,2,,1,,2,11
303,GP,M,18,,GT3,T,3,2,other,other,course,mother,1,3,0,no,no,no,yes,no,yes,no,no,5,3,2,1,1,3,2,12
304,GP,,17,U,GT3,T,3,3,other,other,home,,1,3,0,no,no,no,yes,no,yes,no,no,3,2,3,1,1,4,2,13
305,GP,F,18,U,GT3,T,2,2,at_home,services,home,mother,1,3,0,no,yes,no,yes,yes,yes,yes,yes,4,3,3,1,,3,0,13
306,GP,M,17,U,GT3,T,2,2,other,other,home,father,2,1,0,no,no,no,no,yes,no,,no,4,4,4,2,3,4,8,9
307,GP,M,18,R,LE3,A,,4,other,other,reputation,mother,2,2,0,no,yes,no,yes,yes,yes,yes,no,4,2,5,3,4,1,6,16
308,GP,M,17,U,GT3,T,3,1,services,other,other,mother,1,2,0,no,no,no,yes,yes,yes,yes,yes,5,4,4,3,4,5,0,14
309,GP,F,18,R,GT3,T,4,4,teacher,other,reputation,mother,2,2,0,no,no,no,yes,yes,yes,yes,no,4,3,4,,2,4,8,12
310,GP,M,18,U,GT3,T,4,2,health,other,reputation,father,1,2,0,no,,no,yes,yes,yes,yes,,5,4,5,1,3,5,4,14
311,GP,F,18,R,,T,2,1,other,other,reputation,mother,2,2,0,no,yes,no,no,yes,no,yes,yes,4,3,5,1,2,3,12,10
312,GP,F,19,U,GT3,T,3,3,other,services,home,other,1,,0,,yes,no,yes,yes,yes,yes,no,4,3,5,3,3,5,16,12
313,GP,F,18,U,,T,2,3,other,,reputation,father,1,4,0,no,yes,no,yes,yes,yes,yes,yes,4,,5,1,,2,10,16
314,GP,F,18,U,LE3,T,1,1,other,other,home,mother,2,2,0,no,yes,no,no,no,yes,no,no,4,4,3,1,1,3,2,13
315,GP,M,17,R,GT3,T,1,2,at_home,at_home,home,mother,1,2,0,no,yes,no,yes,no,yes,no,yes,3,,,2,2,1,2,18
316,GP,F,18,U,,T,2,1,,other,home,mother,1,2,0,no,yes,no,,yes,yes,yes,yes,4,2,5,1,2,1,8,15
317,GP,F,17,U,GT3,T,,4,at_home,health,reputation,mother,2,2,0,,yes,no,no,yes,yes,yes,yes,4,3,3,1,1,1,6,16
318,GP,,17,U,LE3,T,2,2,services,other,course,mother,2,2,0,yes,yes,no,no,yes,,yes,yes,4,4,4,2,3,5,6,12
319,GP,F,,R,GT3,A,3,2,other,services,home,mother,,2,0,no,no,no,no,no,no,yes,yes,4,1,1,,1,5,15,10
320,GP,M,18,U,GT3,T,4,4,teacher,services,home,,2,1,0,no,no,no,yes,yes,yes,yes,no,3,2,4,1,4,3,6,12
321,GP,F,18,U,GT3,T,4,4,health,health,reputation,father,1,2,1,yes,yes,no,yes,yes,,yes,yes,2,4,4,1,1,4,2,13
322,GP,F,17,U,GT3,T,2,2,other,services,reputation,father,3,3,0,no,yes,no,no,yes,yes,yes,yes,,2,,1,1,1,,15
323,GP,F,19,R,GT3,T,3,2,services,services,,father,1,2,1,yes,yes,no,no,,,yes,no,3,3,3,4,3,3,0,10
324,GP,M,18,U,LE3,T,4,3,teacher,services,course,mother,2,1,0,no,no,no,yes,yes,yes,yes,no,4,2,3,1,2,,0,10
325,GP,M,18,U,GT3,T,1,2,at_home,other,home,other,2,1,0,no,no,no,no,,no,yes,no,3,4,4,2,4,4,10,11
326,GP,M,17,U,LE3,A,4,1,services,other,home,mother,2,1,0,no,no,no,yes,yes,yes,yes,yes,4,5,4,2,4,5,22,10
327,GP,M,17,U,LE3,A,3,2,teacher,services,home,mother,1,1,,no,,no,no,yes,yes,yes,no,4,4,4,3,4,3,18,13
328,GP,F,18,R,LE3,,1,1,,other,reputation,mother,2,4,0,no,yes,no,yes,yes,yes,no,no,5,2,2,1,1,3,2,18
329,GP,F,18,,GT3,T,1,1,other,other,home,mother,2,2,0,yes,no,no,yes,yes,yes,yes,no,5,4,4,1,1,4,0,13
330,GP,F,,U,GT3,T,2,2,other,other,course,mother,1,2,0,no,yes,no,no,no,yes,yes,no,5,4,5,1,2,5,12,14
331,,,18,U,GT3,T,,1,other,other,reputation,mother,2,2,0,no,no,no,yes,yes,yes,,yes,4,3,1,1,1,5,10,14
332,GP,M,17,U,,T,1,1,other,other,reputation,,1,2,0,no,no,no,no,no,yes,yes,no,4,3,3,1,,4,0,12
333,GP,F,18,U,GT3,T,2,2,at_home,at_home,other,,1,3,0,no,yes,no,no,yes,yes,yes,no,4,3,,1,2,2,0,18
334,GP,F,17,U,GT3,T,1,1,services,teacher,reputation,,1,3,0,no,yes,no,no,yes,yes,,no,4,3,3,1,1,3,0,14
335,,M,18,U,GT3,T,2,1,services,services,reputation,mother,1,3,0,no,no,no,yes,yes,yes,yes,no,4,2,4,1,3,2,0,15
336,GP,M,18,U,LE3,A,4,4,teacher,teacher,reputation,mother,1,2,0,no,yes,no,yes,yes,yes,,no,5,4,3,,1,2,0,17
337,GP,M,18,U,GT3,T,4,2,teacher,other,home,mother,1,2,0,no,yes,no,yes,yes,yes,yes,yes,4,3,2,1,4,5,2,16
338,GP,F,17,U,GT3,T,4,3,,services,reputation,mother,1,3,0,no,yes,no,no,yes,yes,yes,no,4,2,2,1,,3,,18
339,GP,F,17,R,LE3,T,3,1,services,other,reputation,mother,2,,0,no,yes,no,no,yes,yes,no,no,3,1,2,1,,3,0,19
340,GP,M,18,R,LE3,T,3,2,services,other,reputation,mother,2,3,0,no,yes,no,yes,yes,yes,yes,no,5,4,2,1,1,4,0,15
341,GP,M,17,,GT3,T,3,3,health,other,home,mother,1,1,0,no,yes,,no,yes,,yes,no,4,4,3,1,3,5,0,15
342,GP,F,19,U,GT3,T,4,4,health,other,reputation,other,2,2,0,no,yes,no,yes,yes,yes,yes,no,2,3,4,2,3,2,2,13
343,GP,F,18,U,,T,4,,other,other,home,other,2,2,0,no,yes,no,no,yes,yes,yes,yes,4,4,5,1,,2,0,14
344,GP,F,18,U,GT3,T,4,,other,other,reputation,father,1,4,0,no,yes,no,no,yes,,yes,no,4,3,3,1,1,3,0,17
345,GP,M,18,U,LE3,T,4,4,teacher,teacher,home,mother,1,1,0,no,yes,no,no,yes,yes,yes,yes,1,4,2,2,2,1,0,17
346,GP,F,18,U,LE3,A,4,4,health,other,home,mother,1,2,0,no,yes,yes,no,yes,yes,yes,yes,4,2,4,,1,4,0,15
347,GP,M,17,U,LE3,T,4,4,other,teacher,home,father,2,1,0,no,no,no,no,yes,yes,yes,no,4,1,1,2,2,5,0,13
348,GP,F,17,R,GT3,T,4,4,services,services,reputation,mother,2,,0,no,yes,no,yes,yes,yes,yes,no,5,3,4,1,1,5,0,8
349,GP,F,17,U,GT3,T,4,2,other,other,reputation,mother,2,3,0,no,yes,no,no,yes,yes,yes,no,4,3,3,1,1,3,0,16
350,GP,F,17,U,,T,3,2,health,health,reputation,father,1,4,0,no,yes,no,yes,no,yes,yes,no,5,2,2,1,2,5,0,18
351,GP,M,19,R,LE3,T,2,1,at_home,services,course,mother,2,3,1,no,no,no,yes,,yes,yes,yes,4,3,1,1,1,5,0,11
352,GP,M,20,U,GT3,A,3,2,services,other,course,other,1,1,2,no,no,no,yes,,yes,no,,5,5,3,1,1,5,0,15
353,GP,,19,R,GT3,T,3,3,other,services,reputation,father,1,2,0,no,no,no,yes,yes,yes,no,yes,4,,3,1,2,5,0,11
354,GP,F,18,U,GT3,T,1,4,other,teacher,home,mother,1,2,0,yes,yes,no,no,no,yes,no,,3,4,4,1,2,5,2,11
355,GP,F,18,U,GT3,T,2,1,services,other,course,mother,2,2,0,no,yes,no,yes,yes,,yes,no,5,3,3,1,2,1,2,15
356,GP,F,17,U,GT3,T,2,3,other,other,course,,2,2,0,no,no,no,yes,yes,,yes,yes,4,2,1,1,1,3,2,14
357,GP,F,17,R,GT3,T,4,4,teacher,teacher,course,mother,1,1,0,no,no,no,yes,yes,yes,yes,no,4,4,4,1,1,5,2,17
358,GP,F,,,GT3,T,4,3,other,other,course,mother,1,3,0,no,,no,yes,yes,yes,yes,yes,4,3,4,1,1,5,2,17
359,GP,F,18,U,LE3,T,4,3,health,services,course,mother,2,1,0,no,yes,no,no,yes,yes,yes,no,3,2,4,1,4,1,8,15
360,GP,F,17,R,GT3,T,3,4,at_home,services,course,father,1,3,0,no,yes,no,yes,no,yes,yes,no,4,3,4,2,5,5,2,17
361,GP,,18,U,GT3,T,3,3,at_home,other,course,father,1,2,0,no,yes,no,no,yes,yes,,no,4,1,4,1,,3,8,14
362,GP,M,19,,GT3,T,4,2,health,other,course,mother,2,2,0,no,yes,no,yes,yes,yes,yes,yes,5,4,4,1,,1,9,10
363,GP,F,18,U,GT3,T,4,,teacher,other,course,mother,1,2,0,no,yes,no,no,yes,yes,yes,no,4,4,4,3,3,5,0,13
364,GP,F,18,U,GT3,T,3,4,other,other,course,mother,1,1,0,no,yes,no,yes,yes,yes,yes,yes,5,4,4,1,,1,4,14
365,GP,F,17,U,GT3,T,4,4,health,health,course,mother,1,1,0,no,no,no,yes,yes,yes,yes,no,5,3,4,1,2,5,2,17
366,GP,F,17,,GT3,A,4,3,services,services,course,,1,2,0,no,yes,no,no,yes,yes,yes,yes,5,2,2,1,2,5,14,17
367,GP,,17,U,LE3,A,3,3,services,other,home,mother,1,2,0,yes,yes,no,no,yes,yes,yes,no,5,3,3,1,1,5,0,13
368,GP,F,17,U,LE3,T,2,1,other,other,home,father,1,,0,no,no,no,yes,yes,yes,,no,4,2,3,2,2,2,2,14
369,GP,M,18,U,LE3,T,,4,other,other,reputation,father,1,1,0,no,yes,no,no,yes,yes,yes,no,4,2,5,3,4,5,2,11
370,,F,19,U,GT3,T,1,1,other,other,course,other,3,3,0,no,no,no,yes,yes,no,no,,1,5,5,4,3,5,12,11
371,GP,F,,U,LE3,A,1,,other,other,course,other,3,2,2,no,yes,no,no,no,yes,yes,yes,5,3,,1,,4,2,9
372,GP,F,18,U,GT3,T,2,2,other,other,course,mother,1,1,0,no,yes,no,yes,yes,yes,yes,,4,3,5,2,4,5,2,10
373,,F,17,U,GT3,T,2,2,other,other,course,mother,1,2,0,no,yes,no,no,yes,yes,no,yes,4,2,2,1,1,3,4,13
374,GP,F,17,,LE3,T,2,2,services,services,course,,1,3,0,no,yes,no,yes,yes,yes,yes,no,3,3,2,2,2,3,0,10
375,GP,F,17,U,GT3,T,3,1,services,services,course,father,1,3,0,no,yes,no,no,no,yes,yes,no,3,4,3,2,3,5,0,17
376,GP,F,17,U,LE3,T,0,2,at_home,at_home,home,father,2,3,0,no,no,no,no,yes,yes,yes,no,3,3,3,2,3,2,0,15
377,GP,F,18,U,GT3,,1,1,other,other,home,mother,2,3,0,no,no,no,yes,yes,yes,yes,no,4,5,5,1,2,2,0,14
378,,,18,U,GT3,T,4,4,other,other,course,mother,1,3,0,no,no,no,yes,yes,yes,yes,no,4,3,3,2,2,3,0,13
379,GP,M,17,U,GT3,T,3,3,other,services,reputation,mother,1,1,0,no,no,no,yes,no,,yes,no,4,3,5,3,5,5,0,17
380,GP,M,17,R,GT3,T,2,2,services,other,course,mother,4,1,,no,yes,no,no,yes,yes,,no,4,4,5,5,5,4,2,10
381,GP,F,,U,GT3,T,4,4,teacher,services,course,mother,1,3,0,no,yes,no,yes,yes,yes,yes,no,5,4,4,1,3,4,0,13
382,GP,,17,U,GT3,T,4,,teacher,teacher,course,mother,2,,0,no,yes,no,no,no,,,yes,4,3,3,1,2,4,4,15
383,GP,F,17,U,GT3,T,3,3,at_home,other,course,mother,1,1,0,no,yes,yes,yes,yes,,yes,no,4,2,5,2,5,5,2,11
384,GP,M,18,U,LE3,T,2,2,other,other,course,mother,1,4,0,,yes,yes,yes,yes,yes,yes,no,4,5,5,2,4,5,0,12
385,GP,M,19,R,GT3,T,3,2,at_home,services,home,other,1,1,0,no,yes,no,no,no,,no,yes,5,3,4,2,2,5,0,10
386,GP,F,18,U,GT3,T,2,2,at_home,other,course,mother,4,2,0,no,no,no,yes,yes,yes,no,yes,4,2,5,1,1,2,2,10
387,GP,F,17,R,GT3,T,2,4,at_home,other,course,,1,3,0,no,yes,no,no,yes,,yes,yes,4,4,3,1,,5,0,15
388,GP,M,18,U,GT3,T,2,2,other,other,reputation,mother,1,1,0,no,no,no,no,no,yes,yes,no,5,4,2,1,2,5,6,15
389,GP,,18,U,GT3,T,3,3,services,services,home,mother,1,2,0,no,no,no,yes,yes,yes,yes,no,5,3,4,1,1,4,8,12
390,GP,F,18,,LE3,T,2,2,other,other,home,other,1,2,0,no,no,no,yes,no,yes,yes,,4,3,3,1,,2,0,12
391,GP,F,18,R,GT3,T,2,2,at_home,other,course,mother,2,,0,no,no,no,yes,yes,yes,no,no,4,4,4,1,1,4,6,14
392,GP,,17,U,,,3,4,services,other,course,mother,1,3,0,no,,no,no,yes,yes,yes,no,4,4,5,1,3,5,8,14
393,GP,F,17,U,GT3,T,3,2,other,other,home,mother,1,2,0,no,yes,no,no,yes,yes,yes,yes,4,3,2,2,3,2,0,15
394,GP,F,18,U,LE3,T,3,3,services,services,home,mother,1,4,0,no,,no,no,yes,yes,yes,no,5,3,3,1,1,1,4,15
395,GP,F,17,R,GT3,A,3,2,other,other,home,mother,1,2,,no,yes,no,no,yes,yes,yes,no,4,3,3,2,3,2,0,16
396,GP,M,18,U,GT3,T,4,4,teacher,services,home,father,1,2,0,no,yes,no,yes,yes,yes,yes,no,4,3,3,2,2,2,0,13
397,GP,M,18,U,LE3,T,3,4,services,other,home,mother,1,2,0,no,no,no,yes,yes,,yes,,4,3,3,,,,6,17
398,GP,F,17,U,,A,2,2,at_home,at_home,home,father,1,2,0,no,yes,no,no,yes,,yes,yes,3,3,1,1,2,4,18,14
399,GP,F,18,U,GT3,,2,3,at_home,other,course,mother,1,3,0,no,yes,no,no,yes,yes,yes,no,4,3,3,1,2,3,0,14
400,GP,F,18,U,GT3,T,3,2,other,services,other,mother,1,3,0,no,no,no,no,yes,yes,yes,yes,5,4,3,2,3,1,4,17
401,GP,M,18,,GT3,T,4,3,teacher,services,course,mother,1,3,0,no,no,no,no,yes,,yes,yes,5,3,2,1,2,4,4,17
402,GP,M,18,U,GT3,T,4,3,teacher,other,course,mother,1,3,0,no,yes,no,no,yes,yes,yes,yes,5,4,5,2,3,5,0,14
403,GP,F,17,U,GT3,T,4,3,health,other,reputation,mother,1,3,,no,yes,no,yes,yes,yes,yes,yes,4,4,3,1,3,,0,13
404,GP,F,17,U,GT3,,2,1,services,other,course,mother,2,2,0,no,yes,no,yes,yes,yes,yes,yes,4,3,4,2,2,1,10,15
405,GP,,17,U,GT3,T,2,1,services,other,reputation,mother,1,2,0,no,yes,no,yes,yes,yes,yes,,4,3,5,,4,4,4,16
406,GP,F,19,U,LE3,A,2,3,at_home,other,home,other,2,1,1,no,no,no,no,yes,no,yes,no,2,2,3,3,4,5,16,11
407,GP,F,17,U,GT3,T,3,1,other,at_home,home,mother,1,1,1,no,yes,yes,no,yes,yes,,yes,4,1,2,1,1,3,6,13
408,GP,F,21,U,LE3,T,4,4,other,other,reputation,other,1,3,2,no,no,yes,yes,yes,yes,,no,3,3,2,1,1,5,0,12
409,GP,M,,U,LE3,T,2,2,services,services,reputation,mother,1,2,0,no,yes,no,yes,no,,yes,no,4,4,,1,3,3,11,12
410,GP,M,18,U,LE3,A,3,4,other,other,reputation,other,1,2,0,no,no,no,yes,,,yes,yes,4,3,5,1,4,2,9,15
411,GP,F,17,U,GT3,,2,2,services,services,reputation,mother,1,2,0,no,yes,no,yes,yes,yes,yes,no,4,3,4,1,3,4,,17
412,GP,M,17,U,LE3,A,,4,health,other,reputation,mother,1,3,0,no,yes,no,no,yes,yes,yes,no,4,4,2,,2,4,2,15
413,GP,F,,U,LE3,T,4,2,teacher,,course,mother,1,2,0,no,yes,no,yes,yes,yes,yes,,4,,2,1,1,3,0,17
414,GP,M,21,R,LE3,T,1,1,at_home,other,course,other,2,2,2,no,yes,no,yes,yes,no,,yes,5,3,3,5,,4,21,10
415,GP,F,20,R,GT3,T,1,1,other,other,reputation,other,2,3,0,no,no,no,no,yes,yes,yes,yes,3,2,2,1,3,3,8,15
416,GP,F,19,U,GT3,,4,4,teacher,other,home,other,1,1,1,no,yes,no,no,yes,yes,yes,,3,2,5,4,4,,5,11
417,GP,M,17,U,LE3,A,3,2,other,other,reputation,mother,1,2,0,no,yes,no,no,yes,yes,yes,no,4,,4,1,2,5,10,18
418,GP,F,18,U,GT3,,3,2,at_home,other,reputation,,1,3,0,no,yes,no,no,yes,yes,yes,yes,4,3,4,1,2,2,5,17
419,GP,M,18,R,GT3,T,2,3,other,services,reputation,father,1,1,0,no,no,no,no,yes,yes,yes,no,3,1,3,4,5,4,13,14
420,GP,M,19,U,GT3,T,2,1,other,other,reputation,mother,,1,0,no,no,no,no,yes,,yes,no,5,3,4,1,4,4,10,11
421,GP,F,18,U,LE3,A,2,2,services,other,reputation,mother,2,2,0,no,yes,no,no,yes,yes,yes,no,4,1,4,1,3,4,10,17
422,GP,F,20,U,GT3,T,1,0,other,other,reputation,mother,2,1,1,yes,no,no,no,yes,yes,yes,yes,5,3,1,1,1,5,5,10
423,GP,F,18,,GT3,T,3,2,services,other,home,mother,1,2,0,no,yes,no,yes,no,yes,yes,yes,3,1,2,1,2,1,4,13
424,,F,16,U,GT3,T,1,3,at_home,other,other,father,2,1,0,no,yes,no,no,yes,no,yes,yes,4,3,3,,3,5,11,11
425,MS,F,16,R,GT3,T,2,2,other,other,course,mother,2,2,0,no,yes,no,yes,yes,yes,yes,no,4,4,4,1,1,5,0,12
426,MS,F,15,,GT3,T,1,1,at_home,services,other,mother,1,1,1,no,yes,no,no,yes,yes,no,yes,4,1,3,1,1,2,6,10
427,MS,F,15,R,,,3,3,at_home,other,course,mother,2,1,0,no,yes,no,no,yes,yes,yes,no,5,4,4,2,3,5,4,11
428,MS,F,16,R,GT3,T,2,3,at_home,services,course,mother,2,2,0,no,no,no,no,yes,yes,no,no,4,5,2,1,2,5,0,17
429,MS,F,15,R,LE3,T,2,1,at_home,other,home,mother,2,1,0,,no,no,no,yes,no,no,no,,3,4,1,1,1,0,9
430,MS,M,16,R,LE3,A,4,4,at_home,other,home,mother,1,2,0,no,yes,no,no,yes,yes,no,no,5,3,2,1,3,2,5,11
431,MS,M,16,U,GT3,A,1,2,other,other,other,mother,1,3,0,yes,,no,no,yes,yes,yes,no,4,4,3,1,1,5,0,11
432,MS,F,,R,GT3,,3,2,at_home,other,course,father,1,2,1,no,no,no,no,yes,yes,no,yes,4,5,4,1,2,5,0,10
433,MS,F,17,R,GT3,T,1,1,other,other,other,father,1,1,1,no,yes,no,no,,no,yes,no,5,4,4,2,2,5,0,7
434,MS,F,15,R,GT3,T,4,,teacher,other,course,mother,2,1,0,no,no,no,no,yes,yes,yes,yes,1,5,1,3,5,5,0,14
435,MS,F,16,U,LE3,A,2,2,at_home,other,reputation,mother,2,4,0,no,no,no,,no,no,no,yes,1,2,1,1,1,1,4,11
436,MS,F,15,R,LE3,T,1,1,at_home,services,reputation,father,2,2,0,no,yes,no,no,yes,yes,yes,,5,4,3,1,2,4,0,10
437,MS,F,15,,LE3,T,1,1,,services,course,mother,2,1,1,no,yes,no,no,yes,yes,yes,yes,4,,3,1,2,2,4,8
438,MS,F,16,R,GT3,T,0,2,other,other,other,mother,2,1,0,no,yes,no,yes,yes,yes,no,no,3,2,3,1,2,2,0,12
439,MS,F,17,R,GT3,,2,3,other,other,course,mother,2,1,,no,yes,no,no,,yes,yes,no,5,5,5,1,3,3,2,12
440,MS,F,15,R,GT3,T,3,3,other,services,course,father,2,1,0,no,no,no,,no,yes,yes,no,4,1,3,1,,4,0,16
441,MS,M,16,U,GT3,T,1,1,at_home,services,home,,2,2,0,no,yes,no,yes,yes,yes,no,yes,5,4,5,4,5,3,0,0
442,,M,17,U,GT3,T,1,1,other,other,home,mother,1,2,0,no,no,yes,no,no,yes,yes,no,4,4,3,2,4,5,4,9
443,MS,M,15,R,LE3,T,4,1,health,services,reputation,father,1,2,0,no,yes,no,yes,yes,yes,yes,no,5,3,4,1,2,2,0,14
444,MS,M,15,R,LE3,,4,1,health,services,reputation,father,1,2,0,no,yes,no,yes,yes,yes,yes,no,5,3,4,1,2,2,7,8
445,MS,M,16,R,GT3,T,3,4,other,health,other,mother,3,2,0,no,no,no,no,no,yes,no,no,3,4,5,1,,5,4,11
446,MS,M,15,R,GT3,T,1,1,other,other,course,mother,4,2,0,no,yes,no,yes,yes,yes,no,yes,5,4,5,2,4,4,8,9
447,MS,M,15,,LE3,T,3,3,at_home,at_home,reputation,father,1,2,0,no,yes,no,yes,yes,yes,yes,no,5,3,3,1,1,5,0,11
448,MS,M,17,R,GT3,T,2,1,other,other,other,mother,3,1,0,no,no,no,yes,yes,no,no,yes,5,,5,5,5,,8,9
449,MS,,16,R,GT3,T,4,4,teacher,teacher,course,,2,3,0,no,no,no,yes,yes,yes,yes,yes,4,2,2,1,1,4,6,17
450,,F,15,R,GT3,T,1,2,other,services,course,mother,2,1,0,no,no,no,no,yes,yes,no,no,5,1,2,1,1,1,3,13
451,MS,F,16,R,GT3,T,2,3,other,services,course,mother,3,2,0,no,yes,no,no,,yes,yes,no,4,5,4,1,2,1,2,15
452,MS,M,16,,GT3,T,1,2,other,other,course,father,2,2,0,no,no,no,no,yes,,no,no,4,3,3,1,1,5,0,11
453,MS,F,16,,GT3,T,2,2,other,other,course,mother,3,2,0,no,yes,no,,yes,yes,yes,no,4,4,5,1,1,4,,11
454,,,16,U,GT3,,1,2,other,services,course,mother,1,3,1,no,yes,no,no,,yes,no,no,1,3,2,1,2,4,,8
455,MS,F,16,U,GT3,,1,2,other,services,course,mother,1,3,1,no,yes,,no,yes,yes,,no,1,3,2,1,2,4,3,8
456,MS,F,15,U,GT3,T,2,1,at_home,other,home,mother,1,2,0,yes,yes,no,no,no,yes,yes,no,4,4,2,3,3,2,0,9
457,MS,F,16,U,GT3,T,1,1,at_home,other,course,,1,2,0,no,yes,no,no,no,yes,no,yes,5,4,,,1,,0,15
458,MS,M,17,R,,T,1,2,at_home,services,reputation,mother,1,1,0,no,yes,no,yes,yes,yes,,no,5,5,5,5,,3,4,11
459,MS,F,16,R,,T,1,1,other,other,home,father,4,4,0,no,yes,no,no,no,yes,yes,no,4,3,2,1,1,1,0,13
460,MS,F,,R,GT3,T,1,1,at_home,other,other,father,4,3,0,yes,yes,no,no,yes,yes,no,no,4,4,3,1,1,5,2,10
461,MS,F,,R,GT3,T,1,1,at_home,other,home,father,2,2,0,no,yes,no,yes,yes,yes,yes,no,4,3,3,1,1,2,1,11
462,MS,F,16,,GT3,T,1,1,at_home,other,other,mother,2,1,0,no,no,no,,yes,yes,yes,yes,4,,2,4,3,2,0,14
463,MS,F,15,R,GT3,T,1,1,at_home,at_home,course,father,3,2,0,no,yes,no,no,yes,yes,no,no,4,2,1,1,2,2,0,14
464,MS,F,,R,LE3,T,2,2,other,other,other,father,1,3,0,yes,yes,no,no,yes,,no,no,4,4,3,2,2,5,2,12
465,MS,M,16,R,GT3,T,1,1,at_home,other,other,father,2,1,0,no,no,no,yes,yes,,no,no,3,4,4,3,4,5,6,11
466,MS,,18,U,GT3,T,1,2,other,other,course,father,,2,1,no,yes,no,yes,yes,yes,yes,yes,3,4,4,2,3,5,9,8
467,MS,M,15,,GT3,T,3,1,other,services,home,mother,2,1,0,no,yes,no,no,yes,,no,no,3,2,3,1,3,4,0,11
468,MS,F,16,R,GT3,T,2,2,other,services,course,father,3,2,0,no,yes,no,yes,yes,yes,yes,no,5,3,4,1,1,2,1,14
469,MS,M,15,U,GT3,T,2,2,health,other,reputation,mother,3,1,0,no,no,no,no,yes,yes,no,no,4,3,3,1,2,4,1,13
470,MS,M,16,U,GT3,T,4,4,other,teacher,course,father,1,2,0,no,yes,no,yes,yes,yes,,yes,4,3,1,1,1,3,0,13
471,,F,15,R,GT3,,3,3,services,other,reputation,mother,1,2,0,no,yes,no,no,yes,yes,yes,yes,4,5,,1,,1,4,12
472,MS,F,16,R,,T,2,2,at_home,other,course,mother,2,2,1,no,yes,no,yes,no,yes,no,no,4,4,4,2,3,5,2,12
473,MS,F,16,R,,T,2,2,other,other,home,father,3,1,0,no,,no,yes,yes,,no,yes,4,3,2,1,1,4,0,16
474,MS,M,16,U,LE3,T,2,1,at_home,services,course,mother,2,1,0,no,yes,no,yes,yes,yes,yes,no,2,4,3,2,3,4,4,10
475,MS,M,15,R,,T,1,3,at_home,,reputation,father,3,1,0,no,yes,no,yes,yes,yes,yes,no,4,2,4,3,5,3,2,11
476,MS,F,15,,GT3,T,2,2,other,services,course,mother,2,3,0,no,yes,no,yes,yes,yes,no,no,5,3,2,1,1,4,0,14
477,MS,F,16,R,,,2,1,other,other,home,mother,1,1,0,no,yes,no,no,yes,yes,yes,yes,5,4,3,1,1,5,2,8
478,MS,,15,U,GT3,T,3,,services,services,course,father,,1,0,no,yes,no,yes,no,yes,yes,no,4,3,3,2,4,3,11,11
479,MS,F,16,R,,T,1,1,at_home,other,course,father,2,,3,yes,yes,no,no,yes,yes,no,no,3,4,3,1,1,,0,8
480,MS,F,17,U,GT3,T,2,2,other,at_home,course,mother,1,1,0,no,yes,no,yes,yes,no,no,,4,5,3,1,1,5,4,10
481,MS,F,19,U,GT3,T,2,3,at_home,services,course,other,1,,1,no,no,no,no,yes,no,yes,yes,4,4,4,1,1,,0,10
482,MS,F,17,R,GT3,T,2,1,at_home,other,course,mother,3,1,0,no,yes,no,yes,yes,no,no,yes,5,5,3,1,1,3,2,11
483,MS,,15,R,LE3,T,1,1,at_home,other,course,mother,2,1,0,no,yes,no,no,yes,no,no,yes,5,2,1,1,3,4,0,9
484,MS,F,16,R,GT3,T,2,2,other,other,course,father,3,2,0,no,yes,no,no,yes,no,yes,,3,4,5,1,2,1,1,11
485,MS,F,16,U,,A,2,2,other,other,home,mother,1,1,0,no,yes,no,no,yes,no,no,no,4,3,4,1,2,1,6,8
486,MS,F,17,R,GT3,T,2,2,at_home,other,course,mother,2,2,0,no,yes,no,no,yes,yes,yes,no,4,3,5,1,2,4,0,11
487,MS,F,16,U,GT3,T,2,2,other,services,course,father,1,1,1,no,yes,yes,yes,no,yes,yes,no,4,4,3,1,4,3,1,10
488,MS,F,18,R,LE3,A,3,2,other,other,course,other,2,3,2,no,yes,no,no,no,no,no,yes,3,3,2,1,1,2,6,10
489,MS,F,19,U,GT3,T,1,1,at_home,services,course,mother,1,3,1,no,no,no,yes,yes,no,no,yes,5,3,1,1,1,3,6,9
490,MS,M,18,R,GT3,T,1,1,other,other,home,mother,2,1,1,no,no,no,yes,yes,no,yes,no,4,4,3,3,4,4,0,10
491,MS,F,18,R,GT3,T,1,1,at_home,at_home,course,,2,1,1,,,no,,no,no,yes,yes,3,2,3,1,1,2,4,10
492,MS,F,19,U,GT3,T,1,1,other,other,course,other,2,2,1,no,yes,no,no,yes,yes,yes,yes,1,1,4,4,1,1,12,9
493,MS,F,,R,,A,2,2,health,other,course,mother,1,2,0,no,no,no,no,no,yes,no,yes,3,3,2,1,1,3,2,10
494,MS,F,17,U,GT3,T,,1,other,at_home,course,father,2,1,0,no,no,no,yes,no,yes,no,no,2,4,4,3,5,5,5,10
495,MS,F,,R,LE3,T,1,2,at_home,other,course,mother,1,2,0,,,no,yes,yes,no,yes,no,4,4,5,1,3,3,0,9
496,MS,F,16,U,,T,,3,other,other,reputation,mother,1,1,0,no,no,no,yes,yes,no,yes,yes,4,5,4,1,1,,0,13
497,MS,F,16,R,LE3,T,1,1,services,services,home,mother,1,1,0,no,yes,no,yes,yes,yes,yes,yes,4,4,,2,2,4,2,14
498,MS,M,,U,GT3,T,3,3,services,at_home,course,mother,2,4,1,no,yes,yes,yes,yes,yes,no,no,5,4,5,3,4,,0,10
499,MS,F,16,U,,T,2,1,other,services,course,mother,1,2,,no,yes,no,yes,yes,yes,yes,no,5,3,3,1,1,1,0,14
500,MS,F,16,U,GT3,T,2,2,services,other,course,mother,1,1,0,no,yes,yes,yes,yes,yes,no,yes,4,2,5,1,2,5,0,16
501,MS,,,U,GT3,,,2,other,other,course,father,1,1,1,no,yes,,yes,yes,no,yes,yes,5,3,5,5,5,1,12,7
502,MS,M,16,U,LE3,T,4,3,other,other,course,father,1,1,0,no,no,no,yes,yes,yes,yes,no,4,2,5,1,5,5,8,13
503,MS,M,17,R,LE3,T,2,2,services,services,other,,3,4,1,no,yes,no,no,yes,yes,no,no,1,3,5,3,5,,2,9
504,MS,F,16,U,GT3,T,1,1,other,other,course,other,1,4,,yes,yes,no,yes,yes,yes,yes,no,2,2,1,1,1,5,0,14
505,MS,F,19,U,LE3,T,2,2,other,other,home,mother,1,3,0,no,no,no,no,yes,yes,yes,yes,5,4,5,1,1,1,0,13
506,MS,F,17,R,GT3,T,1,1,at_home,other,reputation,mother,2,1,0,no,yes,no,yes,no,,yes,yes,4,4,5,1,2,5,0,11
507,MS,F,,U,GT3,T,3,3,at_home,services,other,mother,2,2,1,no,no,no,yes,yes,yes,yes,yes,3,3,4,2,4,3,8,10
508,MS,F,17,U,LE3,T,1,1,other,services,course,father,1,3,0,no,yes,no,no,yes,yes,no,yes,4,3,3,1,,3,0,10
509,MS,M,17,R,GT3,T,2,2,other,other,course,mother,3,1,1,no,yes,no,no,no,yes,,no,4,4,5,1,,5,,9
510,MS,F,16,R,LE3,T,1,1,at_home,other,course,,3,2,0,no,yes,no,no,yes,yes,no,no,5,3,2,1,1,1,0,18
511,MS,F,17,R,GT3,T,2,2,other,other,reputation,mother,2,2,0,no,yes,no,yes,yes,yes,no,no,5,3,2,,1,1,0,17
512,MS,F,17,U,GT3,A,1,0,other,other,other,,2,2,0,no,no,no,no,yes,yes,yes,yes,4,,5,1,,4,1,10
513,MS,,18,R,GT3,T,1,1,at_home,other,other,mother,1,2,1,no,yes,no,no,yes,yes,,yes,4,3,2,1,,5,9,7
514,MS,F,16,U,GT3,T,3,1,other,other,course,mother,1,1,0,no,no,no,yes,yes,yes,yes,no,3,1,3,1,3,1,0,8
515,MS,F,16,U,GT3,T,3,2,services,at_home,course,mother,1,1,0,no,no,no,no,,yes,yes,no,3,1,3,1,4,,2,7
516,MS,,18,U,LE3,T,1,,other,at_home,reputation,mother,2,2,0,yes,no,no,no,yes,yes,,no,2,3,5,1,4,3,8,10
517,MS,F,16,R,GT3,T,4,4,health,teacher,reputation,,1,2,0,no,no,no,yes,no,,yes,yes,4,3,3,2,3,2,0,16
518,MS,F,16,R,LE3,T,1,2,other,other,reputation,mother,2,1,0,no,no,no,yes,yes,yes,yes,no,5,4,5,1,,2,0,15
519,MS,F,18,U,GT3,A,2,4,other,services,reputation,father,1,2,1,no,yes,no,no,yes,,yes,no,2,3,2,1,,1,8,8
520,MS,M,16,R,GT3,T,2,1,other,services,reputation,mother,2,,0,no,no,no,yes,yes,yes,yes,no,5,2,1,,1,2,0,0
521,MS,F,16,U,,T,1,1,at_home,other,other,mother,3,2,0,no,yes,no,no,yes,yes,yes,no,4,3,2,1,3,5,6,8
522,MS,F,16,R,GT3,T,2,3,,services,other,mother,2,2,0,no,yes,no,yes,yes,,yes,no,3,,3,1,1,2,0,10
523,MS,F,16,U,GT3,,4,4,health,health,course,mother,1,,0,no,yes,no,no,yes,yes,yes,yes,4,3,4,1,2,3,4,8
524,MS,M,18,U,LE3,T,4,4,at_home,health,home,mother,1,4,0,no,yes,no,yes,yes,no,yes,yes,5,5,5,,5,5,2,6
525,MS,F,16,R,LE3,T,3,4,at_home,other,other,mother,3,2,0,no,yes,no,no,no,yes,no,no,4,2,1,1,1,2,2,8
526,MS,M,17,U,LE3,T,4,4,other,services,home,mother,1,3,0,no,yes,no,no,yes,yes,yes,,4,4,3,,2,5,0,16
527,MS,F,17,R,GT3,T,4,1,other,other,other,mother,1,1,0,no,no,no,,yes,yes,yes,yes,4,2,3,1,2,5,1,14
528,MS,M,16,U,LE3,T,2,,services,services,other,mother,4,3,0,no,no,no,no,yes,yes,no,no,5,1,3,2,2,3,0,10
529,MS,F,17,R,GT3,T,2,2,at_home,other,other,mother,1,1,0,no,yes,yes,no,,yes,yes,no,5,1,3,1,2,5,5,9
530,MS,F,16,U,LE3,T,4,4,services,services,other,father,2,1,,no,yes,no,no,yes,yes,no,no,5,1,3,1,2,5,1,11
531,MS,,17,U,GT3,T,3,3,services,services,home,mother,1,1,0,no,yes,no,yes,yes,yes,yes,no,4,1,4,5,5,3,8,9
532,MS,M,17,U,,T,1,1,at_home,services,other,mother,3,2,0,no,no,no,no,yes,yes,yes,yes,5,1,3,3,3,1,0,10
533,MS,M,16,U,GT3,T,2,1,health,services,other,,2,2,0,no,no,no,no,no,yes,yes,yes,4,2,2,1,4,,2,8
534,MS,,16,U,,T,2,1,other,services,other,mother,1,2,0,no,no,no,no,yes,yes,yes,,3,2,2,1,1,3,0,16
535,MS,M,16,U,LE3,T,4,4,teacher,health,other,,1,1,0,no,yes,no,no,,yes,yes,no,4,1,2,2,5,5,0,12
536,MS,M,,R,GT3,T,1,2,other,services,course,mother,3,2,0,no,yes,no,yes,yes,yes,no,no,5,5,5,1,,5,11,10
537,MS,M,15,U,LE3,A,2,2,other,other,reputation,mother,3,4,0,no,yes,no,yes,yes,yes,,no,5,,5,2,3,5,8,14
538,MS,M,,U,LE3,A,2,1,,services,,mother,1,1,0,no,no,no,yes,yes,yes,yes,no,4,3,3,1,2,5,11,12
539,MS,,16,R,LE3,T,2,2,other,other,course,mother,1,3,0,no,yes,no,no,no,,,yes,4,3,3,2,2,5,2,11
540,MS,,,U,LE3,T,4,1,other,other,home,mother,2,2,0,no,yes,no,yes,yes,yes,yes,,1,2,,2,2,1,8,10
541,MS,F,17,,GT3,T,3,2,at_home,other,home,mother,2,1,0,no,no,no,no,,yes,no,yes,4,3,3,2,,1,5,11
542,MS,F,17,,GT3,T,2,2,other,other,other,mother,2,2,0,yes,no,yes,no,yes,yes,no,no,5,1,3,1,1,5,0,11
543,MS,F,16,U,GT3,T,4,4,teacher,services,course,mother,2,3,0,no,yes,no,no,yes,yes,yes,yes,5,3,5,1,4,5,1,12
544,MS,M,17,R,GT3,T,4,4,health,other,course,,3,1,3,no,no,no,yes,yes,yes,yes,yes,3,3,3,1,3,5,2,8
545,MS,M,17,,LE3,T,1,3,other,other,course,father,2,1,0,no,no,no,yes,yes,yes,no,yes,5,1,2,3,3,5,2,12
546,MS,M,17,U,,T,3,4,services,other,other,mother,1,,1,no,yes,no,yes,no,yes,yes,,5,4,4,3,,5,8,8
547,MS,F,17,U,GT3,T,4,4,health,health,course,father,1,2,0,no,yes,no,no,yes,yes,yes,no,5,2,5,1,1,5,0,16
548,MS,M,16,R,LE3,T,4,1,other,,other,father,1,1,,no,no,no,no,yes,yes,yes,no,4,1,2,2,1,2,0,11
549,MS,F,17,U,GT3,A,1,1,at_home,at_home,other,mother,1,2,0,no,no,no,yes,yes,,yes,yes,4,5,5,1,2,,2,11
550,,,17,R,GT3,T,4,,other,other,course,mother,2,2,0,yes,yes,no,no,no,yes,yes,no,4,3,3,2,3,5,0,18
551,MS,M,16,U,LE3,A,2,2,other,,course,father,2,2,0,,yes,no,no,no,yes,yes,yes,4,1,2,2,2,5,0,13
552,MS,M,17,U,GT3,T,3,2,other,other,other,father,2,2,0,no,yes,yes,no,yes,yes,,no,4,1,2,2,2,1,0,13
553,MS,M,19,U,GT3,T,1,1,other,other,other,mother,1,2,2,no,yes,,yes,yes,no,yes,,4,4,3,3,,4,2,10
554,MS,M,17,U,LE3,A,1,0,other,other,home,mother,1,1,0,no,no,no,no,yes,yes,no,yes,4,1,2,1,1,5,4,12
555,MS,F,17,R,GT3,T,1,1,at_home,at_home,course,father,,1,0,no,yes,no,yes,yes,no,yes,yes,3,5,5,,2,4,3,10
556,MS,F,16,R,GT3,T,,2,other,other,home,father,1,3,0,yes,yes,no,no,,yes,yes,yes,4,3,4,1,1,3,5,13
557,MS,M,,R,LE3,T,1,2,other,at_home,course,mother,1,1,0,no,no,no,no,yes,yes,no,no,4,4,4,2,4,5,4,11
558,MS,F,17,R,GT3,T,3,1,other,other,course,mother,2,2,3,no,yes,no,yes,no,yes,yes,yes,5,4,4,,1,5,2,10
559,MS,M,17,,GT3,T,2,2,other,other,course,mother,2,1,0,no,no,no,yes,yes,no,no,yes,5,5,5,3,5,5,0,10
560,MS,M,18,R,GT3,T,1,0,at_home,at_home,course,other,3,1,1,yes,yes,no,no,yes,yes,no,no,4,3,2,1,1,4,0,13
561,MS,M,17,,GT3,T,1,1,other,services,course,mother,2,1,0,no,yes,no,yes,no,yes,yes,yes,4,5,5,1,3,2,0,10
562,MS,M,18,U,LE3,T,1,1,at_home,at_home,course,mother,2,2,0,,yes,,yes,yes,,no,no,4,3,3,1,4,5,6,10
563,MS,F,16,R,LE3,T,2,2,other,services,,father,1,2,0,no,no,no,yes,yes,yes,no,yes,5,4,3,1,,1,0,12
564,MS,M,17,U,GT3,T,2,2,other,other,course,mother,1,1,1,no,no,no,yes,yes,yes,no,yes,1,2,1,2,3,5,0,0
565,MS,M,16,R,GT3,T,3,2,services,other,course,father,2,1,0,no,no,no,no,yes,yes,yes,no,4,5,5,2,3,5,2,10
566,MS,M,16,R,,T,1,1,at_home,,course,mother,2,1,0,no,no,no,yes,yes,yes,yes,no,4,5,5,2,4,,0,9
567,,M,18,R,,T,1,1,services,other,course,,2,1,1,no,yes,no,no,yes,no,yes,yes,5,3,3,2,3,5,2,9
568,MS,M,18,R,GT3,T,3,2,services,other,course,mother,1,1,1,no,no,no,no,yes,no,yes,no,2,3,1,2,2,5,0,0
569,MS,M,19,U,GT3,T,3,2,at_home,services,course,mother,2,1,3,no,no,no,yes,yes,yes,no,no,3,2,,1,1,3,4,9
570,MS,M,18,U,,T,3,3,at_home,at_home,course,mother,1,2,2,no,yes,no,yes,yes,no,yes,no,4,4,5,,3,3,9,8
571,MS,M,16,R,GT3,T,2,2,services,services,course,mother,2,1,0,no,yes,no,yes,yes,yes,yes,yes,5,,3,2,,4,6,8
572,MS,M,19,U,GT3,T,2,1,at_home,other,course,other,2,1,3,no,no,no,yes,no,no,,yes,4,4,3,1,3,5,4,9
573,MS,F,16,U,GT3,A,3,2,services,at_home,course,mother,2,2,2,no,yes,no,yes,yes,yes,no,yes,2,5,5,1,1,1,8,7
574,MS,F,,U,,T,1,1,other,at_home,course,mother,1,1,0,no,yes,no,yes,yes,yes,no,,4,3,2,1,2,5,9,10
575,MS,M,20,R,GT3,T,1,1,other,other,course,other,2,1,1,no,yes,no,no,yes,no,yes,yes,4,4,3,2,4,,12,10
576,MS,F,18,R,GT3,A,4,3,services,services,course,mother,1,1,0,no,yes,no,no,yes,,yes,no,5,4,4,3,4,2,8,10
577,MS,M,18,R,GT3,T,3,2,other,other,course,mother,2,1,0,no,,no,no,no,yes,yes,no,2,5,5,5,5,5,8,11
578,MS,M,19,R,,T,1,1,other,services,home,other,3,2,1,no,no,no,no,yes,yes,yes,,5,4,4,3,,2,8,11
579,MS,M,17,U,GT3,T,3,3,health,other,course,mother,2,2,1,no,yes,no,no,yes,,yes,no,4,5,4,2,3,3,4,10
580,MS,,18,U,,T,1,3,at_home,services,course,mother,1,1,0,no,no,no,no,yes,no,yes,yes,4,3,3,2,3,3,0,9
581,MS,,19,R,GT3,T,1,1,other,,home,other,3,,1,no,yes,no,no,yes,yes,yes,no,4,4,4,3,,5,4,10
582,MS,F,18,,GT3,A,1,,at_home,other,course,mother,2,2,2,no,yes,no,no,yes,yes,,no,4,3,3,1,1,5,2,8
583,MS,F,19,U,LE3,A,1,1,at_home,other,course,mother,1,1,0,no,yes,no,no,yes,no,,no,1,4,4,1,1,5,0,7
584,MS,F,18,R,GT3,T,2,2,other,other,other,mother,2,1,1,no,no,no,no,,no,yes,,5,5,5,1,1,3,0,0
585,MS,F,17,R,GT3,T,0,0,at_home,other,course,mother,2,1,0,no,yes,no,no,yes,yes,yes,no,4,4,3,1,1,5,0,11
586,MS,F,17,R,LE3,A,3,1,other,at_home,course,other,2,3,0,no,yes,yes,no,yes,no,no,no,4,2,3,2,2,,5,8
587,MS,F,17,U,GT3,T,4,2,teacher,services,home,mother,1,2,0,yes,yes,no,yes,yes,yes,,no,5,5,5,1,3,5,0,0
588,MS,F,18,,,T,2,2,services,services,course,mother,1,2,1,no,yes,no,yes,yes,yes,yes,no,2,3,3,1,2,4,3,8
589,MS,F,,U,,T,4,1,health,at_home,course,mother,1,1,0,no,,no,no,yes,yes,no,yes,3,2,2,1,1,5,0,9
590,MS,F,,U,LE3,T,1,2,at_home,other,course,father,1,1,0,no,no,no,no,yes,,yes,no,5,5,1,1,1,3,0,10
591,MS,F,18,U,GT3,T,1,1,other,other,course,mother,3,2,2,no,no,no,yes,yes,yes,,yes,3,4,4,2,2,5,3,7
592,MS,F,18,U,GT3,T,2,2,services,at_home,reputation,father,2,2,0,no,no,no,yes,no,yes,yes,no,4,,5,1,1,1,2,14
593,MS,,17,U,GT3,T,3,3,services,services,course,mother,2,1,0,no,yes,no,no,yes,,yes,no,4,4,3,1,1,4,0,13
594,MS,F,18,U,LE3,A,1,2,at_home,other,reputation,mother,2,2,0,no,no,no,no,yes,yes,yes,no,4,4,3,1,2,4,0,14
595,MS,F,18,U,GT3,T,4,4,teacher,teacher,reputation,mother,2,2,0,no,no,no,yes,no,yes,yes,no,4,3,5,1,2,1,0,18
596,MS,M,18,U,LE3,T,,4,services,other,reputation,,1,1,0,,yes,no,yes,yes,yes,yes,no,5,4,5,1,1,5,3,17
597,MS,F,17,U,GT3,T,4,2,other,other,course,mother,2,2,0,no,yes,no,no,yes,,yes,no,4,3,3,1,2,4,0,18
598,MS,,18,R,,T,2,2,at_home,other,course,mother,3,2,1,no,no,no,yes,yes,yes,no,yes,4,3,3,1,1,4,0,0
599,MS,M,18,U,LE3,T,1,2,at_home,services,home,mother,,1,0,no,yes,no,no,no,yes,,no,4,1,4,,5,1,8,11
600,MS,M,18,R,GT3,T,4,4,at_home,services,other,mother,3,1,0,no,yes,,yes,yes,yes,yes,yes,2,5,5,,1,1,5,14
601,MS,M,17,,GT3,T,1,1,other,services,other,,3,1,0,no,no,no,no,no,no,no,no,4,2,3,3,4,4,4,14
602,MS,F,18,U,GT3,T,2,2,other,other,course,mother,2,2,0,no,yes,no,no,no,yes,yes,,1,3,1,1,1,2,4,10
603,MS,F,18,U,LE3,T,2,2,services,services,course,father,2,3,,no,no,no,no,yes,yes,yes,yes,5,4,5,,4,,0,13
604,MS,,18,R,LE3,A,4,2,teacher,other,reputation,mother,1,2,0,no,no,no,yes,yes,yes,yes,yes,5,3,1,1,1,5,0,0
605,MS,F,18,U,GT3,T,1,1,at_home,services,course,mother,3,2,1,no,no,no,no,yes,no,no,no,4,4,2,1,2,2,2,10
606,MS,F,19,U,GT3,T,1,1,at_home,services,other,father,2,,1,no,no,no,no,yes,no,no,no,5,5,5,2,3,2,0,0
607,MS,F,17,U,GT3,,4,2,teacher,other,course,father,2,4,0,no,no,no,no,yes,yes,yes,yes,4,2,3,3,1,5,0,18
608,MS,F,17,R,LE3,A,2,1,services,other,reputation,mother,2,2,0,no,no,no,yes,yes,yes,yes,yes,5,3,3,1,2,,5,12
609,MS,F,18,U,,A,1,1,at_home,services,course,mother,1,2,0,no,no,no,no,yes,yes,no,yes,5,2,,1,2,3,2,11
610,MS,,18,U,GT3,T,1,2,at_home,at_home,course,father,2,2,0,no,yes,no,no,yes,no,no,,4,1,1,1,1,4,0,12
611,MS,F,19,R,,A,1,1,at_home,at_home,course,other,,2,3,no,yes,no,yes,yes,no,no,yes,3,5,4,1,4,1,0,0
612,MS,F,18,R,GT3,T,2,2,services,other,home,mother,2,3,0,no,no,no,no,yes,yes,yes,yes,4,2,1,1,,4,5,15
613,MS,M,17,R,GT3,T,4,3,services,other,home,mother,2,2,1,no,yes,yes,yes,no,,yes,yes,4,,5,1,3,2,4,11
614,MS,F,18,U,GT3,T,3,3,services,services,course,father,1,2,0,no,yes,no,no,yes,yes,no,yes,5,3,4,1,1,5,0,10
615,,F,17,R,GT3,T,4,4,teacher,services,other,father,2,2,0,no,yes,yes,yes,yes,,yes,no,4,3,3,1,2,5,2,12
616,MS,,,U,LE3,A,3,2,services,other,reputation,mother,2,2,0,no,no,no,no,yes,yes,,yes,1,2,3,1,2,5,0,15
617,MS,M,18,,LE3,,,1,other,services,home,father,2,1,0,no,no,no,no,no,yes,,yes,3,3,2,1,2,3,2,14
618,MS,F,18,U,LE3,T,1,1,at_home,services,course,father,2,3,0,no,no,no,no,yes,yes,yes,no,5,3,2,1,1,4,0,18
619,MS,F,18,R,LE3,A,1,2,at_home,other,course,mother,3,2,0,no,no,no,no,yes,,no,yes,4,3,4,1,4,5,0,15
620,MS,,18,U,,T,3,3,services,services,other,mother,2,2,0,no,yes,no,no,,yes,yes,yes,4,3,2,1,3,3,6,13
621,MS,,17,U,LE3,T,4,,at_home,at_home,course,mother,1,2,0,no,yes,no,yes,yes,yes,,yes,2,3,4,1,1,,4,15
622,,,17,R,GT3,T,1,2,other,services,course,father,2,2,0,no,no,no,no,no,yes,no,no,3,2,2,1,2,3,0,13
623,MS,M,18,R,,T,,3,at_home,other,course,mother,2,2,0,no,yes,yes,no,yes,yes,no,no,3,3,4,2,4,3,0,9
624,MS,M,18,U,LE3,T,4,4,teacher,services,other,mother,2,3,0,no,no,no,no,yes,yes,yes,yes,4,2,2,2,,5,0,16
625,MS,F,17,R,GT3,T,1,1,other,services,reputation,,3,1,1,no,yes,no,no,yes,yes,,yes,5,2,1,1,,1,0,9
626,MS,F,,,GT3,T,2,3,at_home,services,course,father,2,1,0,no,yes,no,no,yes,yes,yes,yes,5,2,3,1,2,4,0,10
627,MS,F,18,R,GT3,T,4,4,other,teacher,other,father,3,,0,no,yes,no,no,no,yes,yes,yes,3,2,2,4,2,,0,0
628,MS,M,18,R,LE3,T,1,2,at_home,services,other,father,3,1,0,no,yes,no,yes,yes,no,yes,yes,4,3,3,2,3,3,3,10
629,MS,F,17,U,GT3,T,2,2,other,at_home,home,mother,1,3,0,no,no,no,yes,yes,yes,no,yes,3,,3,1,1,3,8,12
630,MS,F,17,R,GT3,T,1,2,other,other,course,mother,1,1,0,no,no,no,yes,yes,,yes,no,3,,5,1,3,1,4,9
631,MS,F,,R,LE3,T,4,4,other,other,reputation,,2,3,0,no,no,no,no,,yes,yes,no,5,4,4,1,1,1,0,17
632,MS,F,18,R,GT3,T,1,1,other,other,home,,4,3,0,no,no,no,no,yes,yes,yes,no,4,3,,1,2,4,4,12
633,MS,F,19,R,GT3,T,1,1,at_home,other,course,other,2,2,1,no,yes,no,no,,yes,yes,yes,4,3,3,1,1,3,4,9
634,MS,F,18,R,,T,4,4,teacher,services,course,mother,,2,0,no,no,no,yes,yes,yes,yes,no,5,,3,3,4,2,1,14
635,MS,F,18,U,GT3,T,3,3,other,other,home,,1,2,0,no,no,no,no,yes,yes,yes,yes,4,1,3,1,2,1,1,16
636,MS,F,17,R,GT3,T,3,1,at_home,other,reputation,,1,2,,no,yes,no,yes,no,yes,yes,no,4,5,4,2,,1,10,9
637,MS,M,18,U,GT3,T,4,4,teacher,teacher,home,father,1,2,0,no,no,no,yes,no,yes,yes,no,3,2,4,1,4,2,4,19
638,MS,M,18,R,GT3,T,2,1,other,other,other,mother,2,1,0,no,no,no,yes,no,yes,yes,yes,4,4,3,1,3,5,0,0
639,MS,M,17,U,,T,2,3,other,services,home,father,2,2,0,no,no,no,yes,yes,yes,yes,no,4,4,3,1,1,3,4,16
640,MS,M,19,R,GT3,T,1,1,other,services,other,mother,2,1,1,no,no,no,no,yes,yes,no,no,4,3,2,,3,5,0,0
641,MS,M,18,R,GT3,T,4,2,other,other,home,father,2,1,1,no,no,yes,no,yes,yes,no,no,5,4,3,4,3,3,0,0
642,MS,F,18,R,GT3,T,2,2,at_home,other,other,mother,2,3,0,no,,no,no,yes,yes,no,no,5,3,3,1,3,4,0,15
643,MS,F,17,U,GT3,T,4,3,teacher,other,other,mother,2,2,0,no,no,no,no,yes,yes,yes,no,5,5,4,1,1,1,0,11
644,MS,F,18,R,GT3,T,4,4,teacher,at_home,reputation,mother,3,1,0,no,yes,no,yes,yes,yes,yes,yes,4,4,3,2,2,5,4,10
645,MS,F,19,R,,T,2,3,services,other,course,mother,1,3,1,no,no,no,yes,no,yes,yes,no,5,4,2,1,2,5,4,10
646,MS,F,18,U,LE3,T,3,1,teacher,services,course,mother,1,2,0,no,,no,no,yes,yes,yes,no,4,3,4,1,1,1,4,16
647,MS,F,18,,GT3,T,1,1,other,other,course,,2,2,0,no,no,no,yes,yes,yes,,no,1,1,1,1,1,,6,9
648,MS,M,,U,,T,3,1,services,services,course,mother,2,1,0,no,no,no,no,no,,yes,no,2,4,5,3,4,2,6,10
649,MS,M,18,R,LE3,,3,2,services,other,course,mother,3,1,0,no,no,,no,no,yes,yes,no,4,4,1,3,4,5,4,11
